/*
 Navicat Premium Data Transfer

 Source Server         : DB
 Source Server Type    : MySQL
 Source Server Version : 80030 (8.0.30)
 Source Host           : localhost:3306
 Source Schema         : bank_sampah

 Target Server Type    : MySQL
 Target Server Version : 80030 (8.0.30)
 File Encoding         : 65001

 Date: 11/07/2024 14:17:20
*/

SET NAMES utf8mb4;
SET FOREIGN_KEY_CHECKS = 0;

-- ----------------------------
-- Table structure for detail_transaksi
-- ----------------------------
DROP TABLE IF EXISTS `detail_transaksi`;
CREATE TABLE `detail_transaksi`  (
  `id` bigint UNSIGNED NOT NULL AUTO_INCREMENT,
  `id_transaksi` bigint UNSIGNED NOT NULL,
  `id_sampah` bigint UNSIGNED NOT NULL,
  `quantity` float NOT NULL,
  `created_at` timestamp NULL DEFAULT NULL,
  `updated_at` timestamp NULL DEFAULT NULL,
  PRIMARY KEY (`id`) USING BTREE
) ENGINE = InnoDB AUTO_INCREMENT = 1001 CHARACTER SET = utf8mb4 COLLATE = utf8mb4_unicode_ci ROW_FORMAT = DYNAMIC;

-- ----------------------------
-- Records of detail_transaksi
-- ----------------------------
INSERT INTO `detail_transaksi` VALUES (1, 1, 1, 2, NULL, NULL);
INSERT INTO `detail_transaksi` VALUES (2, 1, 2, 3, NULL, NULL);
INSERT INTO `detail_transaksi` VALUES (3, 1, 3, 0.6, NULL, NULL);
INSERT INTO `detail_transaksi` VALUES (4, 1, 4, 0.5, NULL, NULL);
INSERT INTO `detail_transaksi` VALUES (5, 1, 5, 2, NULL, NULL);
INSERT INTO `detail_transaksi` VALUES (6, 2, 6, 1, NULL, NULL);
INSERT INTO `detail_transaksi` VALUES (7, 2, 7, 3, NULL, NULL);
INSERT INTO `detail_transaksi` VALUES (8, 2, 8, 4, NULL, NULL);
INSERT INTO `detail_transaksi` VALUES (9, 3, 9, 3, NULL, NULL);
INSERT INTO `detail_transaksi` VALUES (10, 3, 10, 1, NULL, NULL);
INSERT INTO `detail_transaksi` VALUES (11, 4, 11, 2, NULL, NULL);
INSERT INTO `detail_transaksi` VALUES (12, 4, 12, 3, NULL, NULL);
INSERT INTO `detail_transaksi` VALUES (13, 4, 14, 4, NULL, NULL);
INSERT INTO `detail_transaksi` VALUES (14, 5, 14, 2, NULL, NULL);
INSERT INTO `detail_transaksi` VALUES (15, 5, 7, 0.4, NULL, NULL);
INSERT INTO `detail_transaksi` VALUES (16, 6, 15, 1, NULL, NULL);
INSERT INTO `detail_transaksi` VALUES (17, 6, 4, 3, NULL, NULL);
INSERT INTO `detail_transaksi` VALUES (18, 6, 16, 2, NULL, NULL);
INSERT INTO `detail_transaksi` VALUES (19, 7, 17, 4, NULL, NULL);
INSERT INTO `detail_transaksi` VALUES (20, 8, 18, 2, NULL, NULL);
INSERT INTO `detail_transaksi` VALUES (21, 8, 19, 3, NULL, NULL);
INSERT INTO `detail_transaksi` VALUES (22, 8, 20, 4, NULL, NULL);
INSERT INTO `detail_transaksi` VALUES (23, 9, 21, 5, NULL, NULL);
INSERT INTO `detail_transaksi` VALUES (24, 9, 16, 8.2, NULL, NULL);
INSERT INTO `detail_transaksi` VALUES (25, 9, 2, 1.1, NULL, NULL);
INSERT INTO `detail_transaksi` VALUES (26, 10, 7, 3, NULL, NULL);
INSERT INTO `detail_transaksi` VALUES (27, 10, 22, 1, NULL, NULL);
INSERT INTO `detail_transaksi` VALUES (28, 11, 16, 1, NULL, NULL);
INSERT INTO `detail_transaksi` VALUES (29, 11, 23, 2, NULL, NULL);
INSERT INTO `detail_transaksi` VALUES (30, 12, 24, 4, NULL, NULL);
INSERT INTO `detail_transaksi` VALUES (31, 12, 25, 2, NULL, NULL);
INSERT INTO `detail_transaksi` VALUES (32, 12, 26, 3, NULL, NULL);
INSERT INTO `detail_transaksi` VALUES (33, 13, 7, 2, NULL, NULL);
INSERT INTO `detail_transaksi` VALUES (34, 13, 27, 1, NULL, NULL);
INSERT INTO `detail_transaksi` VALUES (35, 14, 28, 2, NULL, NULL);
INSERT INTO `detail_transaksi` VALUES (36, 14, 18, 3, NULL, NULL);
INSERT INTO `detail_transaksi` VALUES (37, 15, 1, 4, NULL, NULL);
INSERT INTO `detail_transaksi` VALUES (38, 15, 25, 2, NULL, NULL);
INSERT INTO `detail_transaksi` VALUES (39, 15, 30, 3, NULL, NULL);
INSERT INTO `detail_transaksi` VALUES (40, 15, 31, 4, NULL, NULL);
INSERT INTO `detail_transaksi` VALUES (41, 16, 31, 2, NULL, NULL);
INSERT INTO `detail_transaksi` VALUES (42, 16, 21, 1, NULL, NULL);
INSERT INTO `detail_transaksi` VALUES (43, 17, 9, 3, NULL, NULL);
INSERT INTO `detail_transaksi` VALUES (44, 17, 16, 4, NULL, NULL);
INSERT INTO `detail_transaksi` VALUES (45, 18, 12, 4, NULL, NULL);
INSERT INTO `detail_transaksi` VALUES (46, 19, 8, 2, NULL, NULL);
INSERT INTO `detail_transaksi` VALUES (47, 19, 33, 2, NULL, NULL);
INSERT INTO `detail_transaksi` VALUES (48, 19, 34, 3, NULL, NULL);
INSERT INTO `detail_transaksi` VALUES (49, 20, 17, 4, NULL, NULL);
INSERT INTO `detail_transaksi` VALUES (50, 20, 20, 2, NULL, NULL);
INSERT INTO `detail_transaksi` VALUES (51, 21, 35, 3, NULL, NULL);
INSERT INTO `detail_transaksi` VALUES (52, 21, 36, 4, NULL, NULL);
INSERT INTO `detail_transaksi` VALUES (53, 22, 37, 3, NULL, NULL);
INSERT INTO `detail_transaksi` VALUES (54, 23, 25, 2, NULL, NULL);
INSERT INTO `detail_transaksi` VALUES (55, 24, 38, 4, NULL, NULL);
INSERT INTO `detail_transaksi` VALUES (56, 24, 39, 2, NULL, NULL);
INSERT INTO `detail_transaksi` VALUES (57, 24, 40, 3, NULL, NULL);
INSERT INTO `detail_transaksi` VALUES (58, 25, 41, 2, NULL, NULL);
INSERT INTO `detail_transaksi` VALUES (59, 25, 38, 3, NULL, NULL);
INSERT INTO `detail_transaksi` VALUES (60, 26, 42, 2, NULL, NULL);
INSERT INTO `detail_transaksi` VALUES (61, 26, 12, 2, NULL, NULL);
INSERT INTO `detail_transaksi` VALUES (62, 27, 43, 2, NULL, NULL);
INSERT INTO `detail_transaksi` VALUES (63, 28, 44, 3, NULL, NULL);
INSERT INTO `detail_transaksi` VALUES (64, 28, 45, 4, NULL, NULL);
INSERT INTO `detail_transaksi` VALUES (65, 29, 2, 2, NULL, NULL);
INSERT INTO `detail_transaksi` VALUES (66, 29, 30, 3, NULL, NULL);
INSERT INTO `detail_transaksi` VALUES (67, 30, 25, 4, NULL, NULL);
INSERT INTO `detail_transaksi` VALUES (68, 30, 33, 2, NULL, NULL);
INSERT INTO `detail_transaksi` VALUES (69, 31, 46, 1, NULL, NULL);
INSERT INTO `detail_transaksi` VALUES (70, 32, 20, 3, NULL, NULL);
INSERT INTO `detail_transaksi` VALUES (71, 33, 2, 4, NULL, NULL);
INSERT INTO `detail_transaksi` VALUES (72, 34, 2, 2, NULL, NULL);
INSERT INTO `detail_transaksi` VALUES (73, 35, 48, 4, NULL, NULL);
INSERT INTO `detail_transaksi` VALUES (74, 36, 18, 2, NULL, NULL);
INSERT INTO `detail_transaksi` VALUES (75, 36, 49, 0.4, NULL, NULL);
INSERT INTO `detail_transaksi` VALUES (76, 36, 50, 2, NULL, NULL);
INSERT INTO `detail_transaksi` VALUES (77, 37, 51, 1, NULL, NULL);
INSERT INTO `detail_transaksi` VALUES (78, 37, 52, 3, NULL, NULL);
INSERT INTO `detail_transaksi` VALUES (79, 37, 53, 4, NULL, NULL);
INSERT INTO `detail_transaksi` VALUES (80, 38, 54, 3, NULL, NULL);
INSERT INTO `detail_transaksi` VALUES (81, 38, 10, 1, NULL, NULL);
INSERT INTO `detail_transaksi` VALUES (82, 39, 9, 2, NULL, NULL);
INSERT INTO `detail_transaksi` VALUES (83, 39, 46, 3, NULL, NULL);
INSERT INTO `detail_transaksi` VALUES (84, 39, 55, 2, NULL, NULL);
INSERT INTO `detail_transaksi` VALUES (85, 40, 56, 4, NULL, NULL);
INSERT INTO `detail_transaksi` VALUES (86, 40, 4, 0.4, NULL, NULL);
INSERT INTO `detail_transaksi` VALUES (87, 41, 31, 1, NULL, NULL);
INSERT INTO `detail_transaksi` VALUES (88, 41, 57, 3, NULL, NULL);
INSERT INTO `detail_transaksi` VALUES (89, 41, 6, 2, NULL, NULL);
INSERT INTO `detail_transaksi` VALUES (90, 42, 58, 4, NULL, NULL);
INSERT INTO `detail_transaksi` VALUES (91, 43, 18, 2, NULL, NULL);
INSERT INTO `detail_transaksi` VALUES (92, 43, 25, 3, NULL, NULL);
INSERT INTO `detail_transaksi` VALUES (93, 43, 59, 5, NULL, NULL);
INSERT INTO `detail_transaksi` VALUES (94, 44, 39, 2, NULL, NULL);
INSERT INTO `detail_transaksi` VALUES (95, 44, 51, 8.2, NULL, NULL);
INSERT INTO `detail_transaksi` VALUES (96, 44, 61, 1.1, NULL, NULL);
INSERT INTO `detail_transaksi` VALUES (97, 45, 9, 3, NULL, NULL);
INSERT INTO `detail_transaksi` VALUES (98, 45, 25, 1, NULL, NULL);
INSERT INTO `detail_transaksi` VALUES (99, 46, 62, 1, NULL, NULL);
INSERT INTO `detail_transaksi` VALUES (100, 46, 53, 2, NULL, NULL);
INSERT INTO `detail_transaksi` VALUES (101, 47, 64, 4, NULL, NULL);
INSERT INTO `detail_transaksi` VALUES (102, 47, 28, 2, NULL, NULL);
INSERT INTO `detail_transaksi` VALUES (103, 47, 10, 3, NULL, NULL);
INSERT INTO `detail_transaksi` VALUES (104, 48, 65, 2, NULL, NULL);
INSERT INTO `detail_transaksi` VALUES (105, 48, 33, 1, NULL, NULL);
INSERT INTO `detail_transaksi` VALUES (106, 49, 25, 2, NULL, NULL);
INSERT INTO `detail_transaksi` VALUES (107, 49, 7, 3, NULL, NULL);
INSERT INTO `detail_transaksi` VALUES (108, 50, 16, 4, NULL, NULL);
INSERT INTO `detail_transaksi` VALUES (109, 50, 25, 2, NULL, NULL);
INSERT INTO `detail_transaksi` VALUES (110, 50, 9, 3, NULL, NULL);
INSERT INTO `detail_transaksi` VALUES (111, 50, 66, 4, NULL, NULL);
INSERT INTO `detail_transaksi` VALUES (112, 51, 20, 2, NULL, NULL);
INSERT INTO `detail_transaksi` VALUES (113, 51, 21, 1, NULL, NULL);
INSERT INTO `detail_transaksi` VALUES (114, 52, 67, 3, NULL, NULL);
INSERT INTO `detail_transaksi` VALUES (115, 52, 16, 4, NULL, NULL);
INSERT INTO `detail_transaksi` VALUES (116, 53, 25, 4, NULL, NULL);
INSERT INTO `detail_transaksi` VALUES (117, 54, 16, 2, NULL, NULL);
INSERT INTO `detail_transaksi` VALUES (118, 54, 68, 5, NULL, NULL);
INSERT INTO `detail_transaksi` VALUES (119, 54, 30, 3, NULL, NULL);
INSERT INTO `detail_transaksi` VALUES (120, 55, 12, 4, NULL, NULL);
INSERT INTO `detail_transaksi` VALUES (121, 55, 69, 2, NULL, NULL);
INSERT INTO `detail_transaksi` VALUES (122, 56, 10, 3, NULL, NULL);
INSERT INTO `detail_transaksi` VALUES (123, 56, 4, 4, NULL, NULL);
INSERT INTO `detail_transaksi` VALUES (124, 57, 70, 2.3, NULL, NULL);
INSERT INTO `detail_transaksi` VALUES (125, 58, 53, 2, NULL, NULL);
INSERT INTO `detail_transaksi` VALUES (126, 59, 46, 4, NULL, NULL);
INSERT INTO `detail_transaksi` VALUES (127, 59, 35, 2, NULL, NULL);
INSERT INTO `detail_transaksi` VALUES (128, 59, 71, 3, NULL, NULL);
INSERT INTO `detail_transaksi` VALUES (129, 60, 72, 2, NULL, NULL);
INSERT INTO `detail_transaksi` VALUES (130, 60, 56, 3, NULL, NULL);
INSERT INTO `detail_transaksi` VALUES (131, 61, 71, 2, NULL, NULL);
INSERT INTO `detail_transaksi` VALUES (132, 61, 41, 2, NULL, NULL);
INSERT INTO `detail_transaksi` VALUES (133, 62, 12, 2, NULL, NULL);
INSERT INTO `detail_transaksi` VALUES (134, 63, 12, 3, NULL, NULL);
INSERT INTO `detail_transaksi` VALUES (135, 63, 9, 4, NULL, NULL);
INSERT INTO `detail_transaksi` VALUES (136, 64, 25, 2, NULL, NULL);
INSERT INTO `detail_transaksi` VALUES (137, 64, 67, 3, NULL, NULL);
INSERT INTO `detail_transaksi` VALUES (138, 65, 25, 4, NULL, NULL);
INSERT INTO `detail_transaksi` VALUES (139, 65, 73, 2, NULL, NULL);
INSERT INTO `detail_transaksi` VALUES (140, 66, 12, 1, NULL, NULL);
INSERT INTO `detail_transaksi` VALUES (141, 67, 9, 3, NULL, NULL);
INSERT INTO `detail_transaksi` VALUES (142, 68, 27, 4, NULL, NULL);
INSERT INTO `detail_transaksi` VALUES (143, 69, 74, 2, NULL, NULL);
INSERT INTO `detail_transaksi` VALUES (144, 70, 56, 4, NULL, NULL);
INSERT INTO `detail_transaksi` VALUES (145, 71, 7, 2, NULL, NULL);
INSERT INTO `detail_transaksi` VALUES (146, 71, 13, 3, NULL, NULL);
INSERT INTO `detail_transaksi` VALUES (147, 71, 75, 2, NULL, NULL);
INSERT INTO `detail_transaksi` VALUES (148, 72, 76, 1, NULL, NULL);
INSERT INTO `detail_transaksi` VALUES (149, 72, 16, 3, NULL, NULL);
INSERT INTO `detail_transaksi` VALUES (150, 72, 8, 4, NULL, NULL);
INSERT INTO `detail_transaksi` VALUES (151, 73, 65, 3, NULL, NULL);
INSERT INTO `detail_transaksi` VALUES (152, 73, 77, 1, NULL, NULL);
INSERT INTO `detail_transaksi` VALUES (153, 74, 78, 2, NULL, NULL);
INSERT INTO `detail_transaksi` VALUES (154, 74, 25, 3, NULL, NULL);
INSERT INTO `detail_transaksi` VALUES (155, 74, 79, 4, NULL, NULL);
INSERT INTO `detail_transaksi` VALUES (156, 75, 80, 7, NULL, NULL);
INSERT INTO `detail_transaksi` VALUES (157, 75, 67, 0.4, NULL, NULL);
INSERT INTO `detail_transaksi` VALUES (158, 76, 21, 1, NULL, NULL);
INSERT INTO `detail_transaksi` VALUES (159, 76, 65, 3, NULL, NULL);
INSERT INTO `detail_transaksi` VALUES (160, 76, 77, 2, NULL, NULL);
INSERT INTO `detail_transaksi` VALUES (161, 77, 81, 4, NULL, NULL);
INSERT INTO `detail_transaksi` VALUES (162, 78, 4, 2, NULL, NULL);
INSERT INTO `detail_transaksi` VALUES (163, 78, 45, 3, NULL, NULL);
INSERT INTO `detail_transaksi` VALUES (164, 78, 75, 4, NULL, NULL);
INSERT INTO `detail_transaksi` VALUES (165, 79, 75, 5, NULL, NULL);
INSERT INTO `detail_transaksi` VALUES (166, 79, 16, 8.2, NULL, NULL);
INSERT INTO `detail_transaksi` VALUES (167, 79, 12, 1.1, NULL, NULL);
INSERT INTO `detail_transaksi` VALUES (168, 80, 24, 3, NULL, NULL);
INSERT INTO `detail_transaksi` VALUES (169, 80, 82, 1, NULL, NULL);
INSERT INTO `detail_transaksi` VALUES (170, 81, 21, 1, NULL, NULL);
INSERT INTO `detail_transaksi` VALUES (171, 81, 12, 2, NULL, NULL);
INSERT INTO `detail_transaksi` VALUES (172, 82, 84, 4, NULL, NULL);
INSERT INTO `detail_transaksi` VALUES (173, 82, 85, 2, NULL, NULL);
INSERT INTO `detail_transaksi` VALUES (174, 82, 75, 3, NULL, NULL);
INSERT INTO `detail_transaksi` VALUES (175, 83, 75, 2, NULL, NULL);
INSERT INTO `detail_transaksi` VALUES (176, 83, 6, 1, NULL, NULL);
INSERT INTO `detail_transaksi` VALUES (177, 84, 12, 2, NULL, NULL);
INSERT INTO `detail_transaksi` VALUES (178, 84, 86, 3, NULL, NULL);
INSERT INTO `detail_transaksi` VALUES (179, 85, 21, 4, NULL, NULL);
INSERT INTO `detail_transaksi` VALUES (180, 85, 87, 2, NULL, NULL);
INSERT INTO `detail_transaksi` VALUES (181, 85, 4, 3, NULL, NULL);
INSERT INTO `detail_transaksi` VALUES (182, 85, 88, 4, NULL, NULL);
INSERT INTO `detail_transaksi` VALUES (183, 86, 87, 2, NULL, NULL);
INSERT INTO `detail_transaksi` VALUES (184, 86, 89, 1, NULL, NULL);
INSERT INTO `detail_transaksi` VALUES (185, 87, 7, 3, NULL, NULL);
INSERT INTO `detail_transaksi` VALUES (186, 87, 90, 4, NULL, NULL);
INSERT INTO `detail_transaksi` VALUES (187, 88, 12, 4, NULL, NULL);
INSERT INTO `detail_transaksi` VALUES (188, 89, 12, 2, NULL, NULL);
INSERT INTO `detail_transaksi` VALUES (189, 89, 33, 2, NULL, NULL);
INSERT INTO `detail_transaksi` VALUES (190, 89, 71, 3, NULL, NULL);
INSERT INTO `detail_transaksi` VALUES (191, 90, 91, 4, NULL, NULL);
INSERT INTO `detail_transaksi` VALUES (192, 90, 13, 2, NULL, NULL);
INSERT INTO `detail_transaksi` VALUES (193, 91, 10, 3, NULL, NULL);
INSERT INTO `detail_transaksi` VALUES (194, 91, 65, 4, NULL, NULL);
INSERT INTO `detail_transaksi` VALUES (195, 92, 92, 3, NULL, NULL);
INSERT INTO `detail_transaksi` VALUES (196, 93, 12, 2, NULL, NULL);
INSERT INTO `detail_transaksi` VALUES (197, 94, 48, 4, NULL, NULL);
INSERT INTO `detail_transaksi` VALUES (198, 94, 93, 2, NULL, NULL);
INSERT INTO `detail_transaksi` VALUES (199, 94, 94, 3, NULL, NULL);
INSERT INTO `detail_transaksi` VALUES (200, 95, 21, 2, NULL, NULL);
INSERT INTO `detail_transaksi` VALUES (201, 95, 48, 3, NULL, NULL);
INSERT INTO `detail_transaksi` VALUES (202, 96, 95, 2, NULL, NULL);
INSERT INTO `detail_transaksi` VALUES (203, 96, 25, 2, NULL, NULL);
INSERT INTO `detail_transaksi` VALUES (204, 97, 48, 2, NULL, NULL);
INSERT INTO `detail_transaksi` VALUES (205, 98, 68, 5, NULL, NULL);
INSERT INTO `detail_transaksi` VALUES (206, 98, 35, 4, NULL, NULL);
INSERT INTO `detail_transaksi` VALUES (207, 99, 87, 2, NULL, NULL);
INSERT INTO `detail_transaksi` VALUES (208, 99, 18, 3, NULL, NULL);
INSERT INTO `detail_transaksi` VALUES (209, 100, 97, 4, NULL, NULL);
INSERT INTO `detail_transaksi` VALUES (210, 100, 16, 2, NULL, NULL);
INSERT INTO `detail_transaksi` VALUES (211, 101, 98, 1, NULL, NULL);
INSERT INTO `detail_transaksi` VALUES (212, 102, 71, 3, NULL, NULL);
INSERT INTO `detail_transaksi` VALUES (213, 103, 12, 4, NULL, NULL);
INSERT INTO `detail_transaksi` VALUES (214, 104, 12, 2, NULL, NULL);
INSERT INTO `detail_transaksi` VALUES (215, 105, 87, 4, NULL, NULL);
INSERT INTO `detail_transaksi` VALUES (216, 106, 99, 2, NULL, NULL);
INSERT INTO `detail_transaksi` VALUES (217, 106, 98, 3, NULL, NULL);
INSERT INTO `detail_transaksi` VALUES (218, 106, 75, 2, NULL, NULL);
INSERT INTO `detail_transaksi` VALUES (219, 107, 75, 1, NULL, NULL);
INSERT INTO `detail_transaksi` VALUES (220, 107, 7, 3, NULL, NULL);
INSERT INTO `detail_transaksi` VALUES (221, 107, 98, 4, NULL, NULL);
INSERT INTO `detail_transaksi` VALUES (222, 108, 65, 3, NULL, NULL);
INSERT INTO `detail_transaksi` VALUES (223, 108, 16, 1, NULL, NULL);
INSERT INTO `detail_transaksi` VALUES (224, 109, 7, 2, NULL, NULL);
INSERT INTO `detail_transaksi` VALUES (225, 109, 17, 3, NULL, NULL);
INSERT INTO `detail_transaksi` VALUES (226, 109, 39, 4, NULL, NULL);
INSERT INTO `detail_transaksi` VALUES (227, 110, 31, 2, NULL, NULL);
INSERT INTO `detail_transaksi` VALUES (228, 110, 67, 0.4, NULL, NULL);
INSERT INTO `detail_transaksi` VALUES (229, 111, 79, 1, NULL, NULL);
INSERT INTO `detail_transaksi` VALUES (230, 111, 21, 3, NULL, NULL);
INSERT INTO `detail_transaksi` VALUES (231, 111, 75, 2, NULL, NULL);
INSERT INTO `detail_transaksi` VALUES (232, 112, 48, 4, NULL, NULL);
INSERT INTO `detail_transaksi` VALUES (233, 113, 71, 2, NULL, NULL);
INSERT INTO `detail_transaksi` VALUES (234, 113, 100, 3, NULL, NULL);
INSERT INTO `detail_transaksi` VALUES (235, 113, 101, 4, NULL, NULL);
INSERT INTO `detail_transaksi` VALUES (236, 114, 102, 5, NULL, NULL);
INSERT INTO `detail_transaksi` VALUES (237, 114, 37, 8.2, NULL, NULL);
INSERT INTO `detail_transaksi` VALUES (238, 114, 103, 1.1, NULL, NULL);
INSERT INTO `detail_transaksi` VALUES (239, 115, 4, 3, NULL, NULL);
INSERT INTO `detail_transaksi` VALUES (240, 115, 17, 1, NULL, NULL);
INSERT INTO `detail_transaksi` VALUES (241, 116, 104, 1, NULL, NULL);
INSERT INTO `detail_transaksi` VALUES (242, 116, 105, 2, NULL, NULL);
INSERT INTO `detail_transaksi` VALUES (243, 117, 106, 4, NULL, NULL);
INSERT INTO `detail_transaksi` VALUES (244, 117, 101, 2, NULL, NULL);
INSERT INTO `detail_transaksi` VALUES (245, 117, 107, 3, NULL, NULL);
INSERT INTO `detail_transaksi` VALUES (246, 118, 65, 2, NULL, NULL);
INSERT INTO `detail_transaksi` VALUES (247, 118, 16, 1, NULL, NULL);
INSERT INTO `detail_transaksi` VALUES (248, 119, 17, 2, NULL, NULL);
INSERT INTO `detail_transaksi` VALUES (249, 119, 71, 3, NULL, NULL);
INSERT INTO `detail_transaksi` VALUES (250, 120, 104, 4, NULL, NULL);
INSERT INTO `detail_transaksi` VALUES (251, 120, 25, 2, NULL, NULL);
INSERT INTO `detail_transaksi` VALUES (252, 120, 86, 3, NULL, NULL);
INSERT INTO `detail_transaksi` VALUES (253, 120, 108, 4, NULL, NULL);
INSERT INTO `detail_transaksi` VALUES (254, 121, 12, 2, NULL, NULL);
INSERT INTO `detail_transaksi` VALUES (255, 121, 109, 1, NULL, NULL);
INSERT INTO `detail_transaksi` VALUES (256, 122, 86, 3, NULL, NULL);
INSERT INTO `detail_transaksi` VALUES (257, 122, 110, 4, NULL, NULL);
INSERT INTO `detail_transaksi` VALUES (258, 123, 25, 4, NULL, NULL);
INSERT INTO `detail_transaksi` VALUES (259, 124, 111, 2, NULL, NULL);
INSERT INTO `detail_transaksi` VALUES (260, 124, 13, 2, NULL, NULL);
INSERT INTO `detail_transaksi` VALUES (261, 124, 42, 3, NULL, NULL);
INSERT INTO `detail_transaksi` VALUES (262, 125, 12, 4, NULL, NULL);
INSERT INTO `detail_transaksi` VALUES (263, 125, 39, 2, NULL, NULL);
INSERT INTO `detail_transaksi` VALUES (264, 126, 77, 3, NULL, NULL);
INSERT INTO `detail_transaksi` VALUES (265, 126, 112, 4, NULL, NULL);
INSERT INTO `detail_transaksi` VALUES (266, 127, 107, 3, NULL, NULL);
INSERT INTO `detail_transaksi` VALUES (267, 128, 28, 2, NULL, NULL);
INSERT INTO `detail_transaksi` VALUES (268, 129, 27, 4, NULL, NULL);
INSERT INTO `detail_transaksi` VALUES (269, 129, 113, 2, NULL, NULL);
INSERT INTO `detail_transaksi` VALUES (270, 129, 65, 3, NULL, NULL);
INSERT INTO `detail_transaksi` VALUES (271, 130, 75, 2, NULL, NULL);
INSERT INTO `detail_transaksi` VALUES (272, 130, 81, 3, NULL, NULL);
INSERT INTO `detail_transaksi` VALUES (273, 131, 21, 2, NULL, NULL);
INSERT INTO `detail_transaksi` VALUES (274, 131, 25, 2, NULL, NULL);
INSERT INTO `detail_transaksi` VALUES (275, 132, 53, 2, NULL, NULL);
INSERT INTO `detail_transaksi` VALUES (276, 133, 27, 3, NULL, NULL);
INSERT INTO `detail_transaksi` VALUES (277, 133, 65, 4, NULL, NULL);
INSERT INTO `detail_transaksi` VALUES (278, 134, 48, 2, NULL, NULL);
INSERT INTO `detail_transaksi` VALUES (279, 134, 7, 3, NULL, NULL);
INSERT INTO `detail_transaksi` VALUES (280, 135, 17, 4, NULL, NULL);
INSERT INTO `detail_transaksi` VALUES (281, 135, 114, 2, NULL, NULL);
INSERT INTO `detail_transaksi` VALUES (282, 136, 25, 1, NULL, NULL);
INSERT INTO `detail_transaksi` VALUES (283, 137, 65, 3, NULL, NULL);
INSERT INTO `detail_transaksi` VALUES (284, 138, 17, 4, NULL, NULL);
INSERT INTO `detail_transaksi` VALUES (285, 139, 28, 2, NULL, NULL);
INSERT INTO `detail_transaksi` VALUES (286, 140, 25, 4, NULL, NULL);
INSERT INTO `detail_transaksi` VALUES (287, 141, 71, 2, NULL, NULL);
INSERT INTO `detail_transaksi` VALUES (288, 141, 25, 3, NULL, NULL);
INSERT INTO `detail_transaksi` VALUES (289, 141, 116, 2, NULL, NULL);
INSERT INTO `detail_transaksi` VALUES (290, 142, 117, 1, NULL, NULL);
INSERT INTO `detail_transaksi` VALUES (291, 142, 118, 3, NULL, NULL);
INSERT INTO `detail_transaksi` VALUES (292, 142, 119, 4, NULL, NULL);
INSERT INTO `detail_transaksi` VALUES (293, 143, 18, 3, NULL, NULL);
INSERT INTO `detail_transaksi` VALUES (294, 143, 120, 1, NULL, NULL);
INSERT INTO `detail_transaksi` VALUES (295, 144, 9, 2, NULL, NULL);
INSERT INTO `detail_transaksi` VALUES (296, 144, 105, 3, NULL, NULL);
INSERT INTO `detail_transaksi` VALUES (297, 144, 121, 4, NULL, NULL);
INSERT INTO `detail_transaksi` VALUES (298, 145, 24, 2, NULL, NULL);
INSERT INTO `detail_transaksi` VALUES (299, 146, 25, 4, NULL, NULL);
INSERT INTO `detail_transaksi` VALUES (300, 146, 13, 2, NULL, NULL);
INSERT INTO `detail_transaksi` VALUES (301, 147, 122, 3, NULL, NULL);
INSERT INTO `detail_transaksi` VALUES (302, 147, 118, 4, NULL, NULL);
INSERT INTO `detail_transaksi` VALUES (303, 148, 123, 3, NULL, NULL);
INSERT INTO `detail_transaksi` VALUES (304, 149, 12, 2, NULL, NULL);
INSERT INTO `detail_transaksi` VALUES (305, 150, 12, 4, NULL, NULL);
INSERT INTO `detail_transaksi` VALUES (306, 150, 117, 2, NULL, NULL);
INSERT INTO `detail_transaksi` VALUES (307, 150, 118, 3, NULL, NULL);
INSERT INTO `detail_transaksi` VALUES (308, 151, 124, 2, NULL, NULL);
INSERT INTO `detail_transaksi` VALUES (309, 151, 12, 3, NULL, NULL);
INSERT INTO `detail_transaksi` VALUES (310, 152, 125, 2, NULL, NULL);
INSERT INTO `detail_transaksi` VALUES (311, 152, 17, 2, NULL, NULL);
INSERT INTO `detail_transaksi` VALUES (312, 153, 40, 2, NULL, NULL);
INSERT INTO `detail_transaksi` VALUES (313, 154, 38, 3, NULL, NULL);
INSERT INTO `detail_transaksi` VALUES (314, 154, 30, 4, NULL, NULL);
INSERT INTO `detail_transaksi` VALUES (315, 155, 82, 2, NULL, NULL);
INSERT INTO `detail_transaksi` VALUES (316, 155, 7, 3, NULL, NULL);
INSERT INTO `detail_transaksi` VALUES (317, 156, 126, 4, NULL, NULL);
INSERT INTO `detail_transaksi` VALUES (318, 156, 122, 2, NULL, NULL);
INSERT INTO `detail_transaksi` VALUES (319, 157, 25, 1, NULL, NULL);
INSERT INTO `detail_transaksi` VALUES (320, 158, 71, 3, NULL, NULL);
INSERT INTO `detail_transaksi` VALUES (321, 159, 27, 4, NULL, NULL);
INSERT INTO `detail_transaksi` VALUES (322, 160, 27, 2, NULL, NULL);
INSERT INTO `detail_transaksi` VALUES (323, 161, 126, 4, NULL, NULL);
INSERT INTO `detail_transaksi` VALUES (324, 162, 7, 2, NULL, NULL);
INSERT INTO `detail_transaksi` VALUES (325, 162, 103, 3, NULL, NULL);
INSERT INTO `detail_transaksi` VALUES (326, 162, 127, 2, NULL, NULL);
INSERT INTO `detail_transaksi` VALUES (327, 163, 128, 1, NULL, NULL);
INSERT INTO `detail_transaksi` VALUES (328, 163, 7, 3, NULL, NULL);
INSERT INTO `detail_transaksi` VALUES (329, 163, 28, 4, NULL, NULL);
INSERT INTO `detail_transaksi` VALUES (330, 164, 7, 3, NULL, NULL);
INSERT INTO `detail_transaksi` VALUES (331, 164, 129, 1, NULL, NULL);
INSERT INTO `detail_transaksi` VALUES (332, 165, 9, 2, NULL, NULL);
INSERT INTO `detail_transaksi` VALUES (333, 165, 130, 3, NULL, NULL);
INSERT INTO `detail_transaksi` VALUES (334, 165, 113, 4, NULL, NULL);
INSERT INTO `detail_transaksi` VALUES (335, 166, 131, 2, NULL, NULL);
INSERT INTO `detail_transaksi` VALUES (336, 166, 7, 0.4, NULL, NULL);
INSERT INTO `detail_transaksi` VALUES (337, 167, 132, 1, NULL, NULL);
INSERT INTO `detail_transaksi` VALUES (338, 167, 133, 3, NULL, NULL);
INSERT INTO `detail_transaksi` VALUES (339, 167, 132, 2, NULL, NULL);
INSERT INTO `detail_transaksi` VALUES (340, 168, 133, 4, NULL, NULL);
INSERT INTO `detail_transaksi` VALUES (341, 169, 65, 2, NULL, NULL);
INSERT INTO `detail_transaksi` VALUES (342, 169, 44, 3, NULL, NULL);
INSERT INTO `detail_transaksi` VALUES (343, 169, 136, 4, NULL, NULL);
INSERT INTO `detail_transaksi` VALUES (344, 170, 137, 5, NULL, NULL);
INSERT INTO `detail_transaksi` VALUES (345, 170, 120, 8.2, NULL, NULL);
INSERT INTO `detail_transaksi` VALUES (346, 170, 103, 1.1, NULL, NULL);
INSERT INTO `detail_transaksi` VALUES (347, 171, 4, 3, NULL, NULL);
INSERT INTO `detail_transaksi` VALUES (348, 171, 138, 1, NULL, NULL);
INSERT INTO `detail_transaksi` VALUES (349, 172, 139, 1, NULL, NULL);
INSERT INTO `detail_transaksi` VALUES (350, 172, 140, 2, NULL, NULL);
INSERT INTO `detail_transaksi` VALUES (351, 173, 89, 4, NULL, NULL);
INSERT INTO `detail_transaksi` VALUES (352, 173, 12, 2, NULL, NULL);
INSERT INTO `detail_transaksi` VALUES (353, 173, 139, 3, NULL, NULL);
INSERT INTO `detail_transaksi` VALUES (354, 174, 118, 2, NULL, NULL);
INSERT INTO `detail_transaksi` VALUES (355, 174, 123, 1, NULL, NULL);
INSERT INTO `detail_transaksi` VALUES (356, 175, 25, 2, NULL, NULL);
INSERT INTO `detail_transaksi` VALUES (357, 175, 18, 3, NULL, NULL);
INSERT INTO `detail_transaksi` VALUES (358, 176, 117, 4, NULL, NULL);
INSERT INTO `detail_transaksi` VALUES (359, 176, 25, 2, NULL, NULL);
INSERT INTO `detail_transaksi` VALUES (360, 176, 125, 3, NULL, NULL);
INSERT INTO `detail_transaksi` VALUES (361, 176, 89, 4, NULL, NULL);
INSERT INTO `detail_transaksi` VALUES (362, 177, 23, 2, NULL, NULL);
INSERT INTO `detail_transaksi` VALUES (363, 177, 99, 1, NULL, NULL);
INSERT INTO `detail_transaksi` VALUES (364, 178, 7, 3, NULL, NULL);
INSERT INTO `detail_transaksi` VALUES (365, 178, 127, 4, NULL, NULL);
INSERT INTO `detail_transaksi` VALUES (366, 179, 25, 4, NULL, NULL);
INSERT INTO `detail_transaksi` VALUES (367, 180, 44, 2, NULL, NULL);
INSERT INTO `detail_transaksi` VALUES (368, 180, 142, 2, NULL, NULL);
INSERT INTO `detail_transaksi` VALUES (369, 180, 7, 3, NULL, NULL);
INSERT INTO `detail_transaksi` VALUES (370, 181, 25, 4, NULL, NULL);
INSERT INTO `detail_transaksi` VALUES (371, 181, 116, 2, NULL, NULL);
INSERT INTO `detail_transaksi` VALUES (372, 182, 16, 3, NULL, NULL);
INSERT INTO `detail_transaksi` VALUES (373, 182, 71, 4, NULL, NULL);
INSERT INTO `detail_transaksi` VALUES (374, 183, 143, 3, NULL, NULL);
INSERT INTO `detail_transaksi` VALUES (375, 184, 12, 2, NULL, NULL);
INSERT INTO `detail_transaksi` VALUES (376, 185, 28, 4, NULL, NULL);
INSERT INTO `detail_transaksi` VALUES (377, 185, 120, 2, NULL, NULL);
INSERT INTO `detail_transaksi` VALUES (378, 185, 118, 3, NULL, NULL);
INSERT INTO `detail_transaksi` VALUES (379, 186, 101, 2, NULL, NULL);
INSERT INTO `detail_transaksi` VALUES (380, 186, 144, 3, NULL, NULL);
INSERT INTO `detail_transaksi` VALUES (381, 187, 71, 2, NULL, NULL);
INSERT INTO `detail_transaksi` VALUES (382, 187, 25, 2, NULL, NULL);
INSERT INTO `detail_transaksi` VALUES (383, 188, 44, 2, NULL, NULL);
INSERT INTO `detail_transaksi` VALUES (384, 189, 40, 3, NULL, NULL);
INSERT INTO `detail_transaksi` VALUES (385, 189, 18, 4, NULL, NULL);
INSERT INTO `detail_transaksi` VALUES (386, 190, 17, 2, NULL, NULL);
INSERT INTO `detail_transaksi` VALUES (387, 190, 118, 3, NULL, NULL);
INSERT INTO `detail_transaksi` VALUES (388, 191, 12, 4, NULL, NULL);
INSERT INTO `detail_transaksi` VALUES (389, 191, 62, 2, NULL, NULL);
INSERT INTO `detail_transaksi` VALUES (390, 192, 145, 1, NULL, NULL);
INSERT INTO `detail_transaksi` VALUES (391, 193, 166, 3, NULL, NULL);
INSERT INTO `detail_transaksi` VALUES (392, 194, 25, 4, NULL, NULL);
INSERT INTO `detail_transaksi` VALUES (393, 195, 82, 2, NULL, NULL);
INSERT INTO `detail_transaksi` VALUES (394, 196, 44, 4, NULL, NULL);
INSERT INTO `detail_transaksi` VALUES (395, 197, 7, 2, NULL, NULL);
INSERT INTO `detail_transaksi` VALUES (396, 197, 146, 3, NULL, NULL);
INSERT INTO `detail_transaksi` VALUES (397, 197, 89, 2, NULL, NULL);
INSERT INTO `detail_transaksi` VALUES (398, 198, 114, 1, NULL, NULL);
INSERT INTO `detail_transaksi` VALUES (399, 198, 7, 3, NULL, NULL);
INSERT INTO `detail_transaksi` VALUES (400, 198, 147, 4, NULL, NULL);
INSERT INTO `detail_transaksi` VALUES (401, 199, 7, 3, NULL, NULL);
INSERT INTO `detail_transaksi` VALUES (402, 199, 114, 1, NULL, NULL);
INSERT INTO `detail_transaksi` VALUES (403, 200, 7, 2, NULL, NULL);
INSERT INTO `detail_transaksi` VALUES (404, 200, 146, 3, NULL, NULL);
INSERT INTO `detail_transaksi` VALUES (405, 200, 144, 4, NULL, NULL);
INSERT INTO `detail_transaksi` VALUES (406, 201, 89, 2, NULL, NULL);
INSERT INTO `detail_transaksi` VALUES (407, 201, 7, 0.4, NULL, NULL);
INSERT INTO `detail_transaksi` VALUES (408, 202, 144, 1, NULL, NULL);
INSERT INTO `detail_transaksi` VALUES (409, 202, 7, 3, NULL, NULL);
INSERT INTO `detail_transaksi` VALUES (410, 202, 114, 2, NULL, NULL);
INSERT INTO `detail_transaksi` VALUES (411, 203, 146, 4, NULL, NULL);
INSERT INTO `detail_transaksi` VALUES (412, 204, 18, 2, NULL, NULL);
INSERT INTO `detail_transaksi` VALUES (413, 204, 147, 3, NULL, NULL);
INSERT INTO `detail_transaksi` VALUES (414, 204, 149, 4, NULL, NULL);
INSERT INTO `detail_transaksi` VALUES (415, 205, 89, 5, NULL, NULL);
INSERT INTO `detail_transaksi` VALUES (416, 205, 114, 8.2, NULL, NULL);
INSERT INTO `detail_transaksi` VALUES (417, 205, 150, 1.1, NULL, NULL);
INSERT INTO `detail_transaksi` VALUES (418, 206, 9, 3, NULL, NULL);
INSERT INTO `detail_transaksi` VALUES (419, 206, 81, 1, NULL, NULL);
INSERT INTO `detail_transaksi` VALUES (420, 207, 151, 1, NULL, NULL);
INSERT INTO `detail_transaksi` VALUES (421, 207, 146, 2, NULL, NULL);
INSERT INTO `detail_transaksi` VALUES (422, 208, 13, 4, NULL, NULL);
INSERT INTO `detail_transaksi` VALUES (423, 208, 147, 2, NULL, NULL);
INSERT INTO `detail_transaksi` VALUES (424, 208, 120, 3, NULL, NULL);
INSERT INTO `detail_transaksi` VALUES (425, 209, 7, 2, NULL, NULL);
INSERT INTO `detail_transaksi` VALUES (426, 209, 114, 1, NULL, NULL);
INSERT INTO `detail_transaksi` VALUES (427, 210, 146, 2, NULL, NULL);
INSERT INTO `detail_transaksi` VALUES (428, 210, 7, 3, NULL, NULL);
INSERT INTO `detail_transaksi` VALUES (429, 211, 114, 4, NULL, NULL);
INSERT INTO `detail_transaksi` VALUES (430, 211, 147, 2, NULL, NULL);
INSERT INTO `detail_transaksi` VALUES (431, 211, 9, 3, NULL, NULL);
INSERT INTO `detail_transaksi` VALUES (432, 211, 144, 4, NULL, NULL);
INSERT INTO `detail_transaksi` VALUES (433, 212, 81, 2, NULL, NULL);
INSERT INTO `detail_transaksi` VALUES (434, 212, 15, 1, NULL, NULL);
INSERT INTO `detail_transaksi` VALUES (435, 213, 7, 3, NULL, NULL);
INSERT INTO `detail_transaksi` VALUES (436, 213, 16, 4, NULL, NULL);
INSERT INTO `detail_transaksi` VALUES (437, 214, 19, 4, NULL, NULL);
INSERT INTO `detail_transaksi` VALUES (438, 215, 146, 2, NULL, NULL);
INSERT INTO `detail_transaksi` VALUES (439, 215, 6, 2, NULL, NULL);
INSERT INTO `detail_transaksi` VALUES (440, 215, 9, 3, NULL, NULL);
INSERT INTO `detail_transaksi` VALUES (441, 216, 152, 4, NULL, NULL);
INSERT INTO `detail_transaksi` VALUES (442, 216, 5, 2, NULL, NULL);
INSERT INTO `detail_transaksi` VALUES (443, 217, 16, 3, NULL, NULL);
INSERT INTO `detail_transaksi` VALUES (444, 217, 7, 4, NULL, NULL);
INSERT INTO `detail_transaksi` VALUES (445, 218, 153, 3, NULL, NULL);
INSERT INTO `detail_transaksi` VALUES (446, 219, 154, 2, NULL, NULL);
INSERT INTO `detail_transaksi` VALUES (447, 220, 147, 4, NULL, NULL);
INSERT INTO `detail_transaksi` VALUES (448, 220, 16, 2, NULL, NULL);
INSERT INTO `detail_transaksi` VALUES (449, 220, 7, 3, NULL, NULL);
INSERT INTO `detail_transaksi` VALUES (450, 221, 20, 2, NULL, NULL);
INSERT INTO `detail_transaksi` VALUES (451, 221, 155, 3, NULL, NULL);
INSERT INTO `detail_transaksi` VALUES (452, 222, 7, 2, NULL, NULL);
INSERT INTO `detail_transaksi` VALUES (453, 222, 44, 2, NULL, NULL);
INSERT INTO `detail_transaksi` VALUES (454, 223, 146, 2, NULL, NULL);
INSERT INTO `detail_transaksi` VALUES (455, 224, 19, 3, NULL, NULL);
INSERT INTO `detail_transaksi` VALUES (456, 224, 18, 4, NULL, NULL);
INSERT INTO `detail_transaksi` VALUES (457, 225, 81, 2, NULL, NULL);
INSERT INTO `detail_transaksi` VALUES (458, 225, 7, 3, NULL, NULL);
INSERT INTO `detail_transaksi` VALUES (459, 226, 154, 4, NULL, NULL);
INSERT INTO `detail_transaksi` VALUES (460, 226, 6, 2, NULL, NULL);
INSERT INTO `detail_transaksi` VALUES (461, 227, 156, 1, NULL, NULL);
INSERT INTO `detail_transaksi` VALUES (462, 228, 7, 3, NULL, NULL);
INSERT INTO `detail_transaksi` VALUES (463, 229, 146, 4, NULL, NULL);
INSERT INTO `detail_transaksi` VALUES (464, 230, 19, 2, NULL, NULL);
INSERT INTO `detail_transaksi` VALUES (465, 231, 147, 4, NULL, NULL);
INSERT INTO `detail_transaksi` VALUES (466, 232, 7, 2, NULL, NULL);
INSERT INTO `detail_transaksi` VALUES (467, 232, 154, 3, NULL, NULL);
INSERT INTO `detail_transaksi` VALUES (468, 232, 13, 2, NULL, NULL);
INSERT INTO `detail_transaksi` VALUES (469, 233, 16, 1, NULL, NULL);
INSERT INTO `detail_transaksi` VALUES (470, 233, 9, 3, NULL, NULL);
INSERT INTO `detail_transaksi` VALUES (471, 233, 150, 4, NULL, NULL);
INSERT INTO `detail_transaksi` VALUES (472, 234, 7, 3, NULL, NULL);
INSERT INTO `detail_transaksi` VALUES (473, 234, 153, 1, NULL, NULL);
INSERT INTO `detail_transaksi` VALUES (474, 235, 7, 2, NULL, NULL);
INSERT INTO `detail_transaksi` VALUES (475, 235, 146, 3, NULL, NULL);
INSERT INTO `detail_transaksi` VALUES (476, 235, 13, 4, NULL, NULL);
INSERT INTO `detail_transaksi` VALUES (477, 236, 144, 2, NULL, NULL);
INSERT INTO `detail_transaksi` VALUES (478, 236, 18, 0.4, NULL, NULL);
INSERT INTO `detail_transaksi` VALUES (479, 237, 5, 1, NULL, NULL);
INSERT INTO `detail_transaksi` VALUES (480, 237, 7, 3, NULL, NULL);
INSERT INTO `detail_transaksi` VALUES (481, 237, 151, 2, NULL, NULL);
INSERT INTO `detail_transaksi` VALUES (482, 238, 146, 4, NULL, NULL);
INSERT INTO `detail_transaksi` VALUES (483, 239, 7, 2, NULL, NULL);
INSERT INTO `detail_transaksi` VALUES (484, 239, 157, 3, NULL, NULL);
INSERT INTO `detail_transaksi` VALUES (485, 239, 149, 4, NULL, NULL);
INSERT INTO `detail_transaksi` VALUES (486, 240, 89, 5, NULL, NULL);
INSERT INTO `detail_transaksi` VALUES (487, 240, 114, 8.2, NULL, NULL);
INSERT INTO `detail_transaksi` VALUES (488, 240, 158, 1.1, NULL, NULL);
INSERT INTO `detail_transaksi` VALUES (489, 241, 7, 3, NULL, NULL);
INSERT INTO `detail_transaksi` VALUES (490, 241, 19, 1, NULL, NULL);
INSERT INTO `detail_transaksi` VALUES (491, 242, 114, 1, NULL, NULL);
INSERT INTO `detail_transaksi` VALUES (492, 242, 44, 2, NULL, NULL);
INSERT INTO `detail_transaksi` VALUES (493, 243, 13, 4, NULL, NULL);
INSERT INTO `detail_transaksi` VALUES (494, 243, 146, 2, NULL, NULL);
INSERT INTO `detail_transaksi` VALUES (495, 243, 153, 3, NULL, NULL);
INSERT INTO `detail_transaksi` VALUES (496, 244, 18, 2, NULL, NULL);
INSERT INTO `detail_transaksi` VALUES (497, 244, 6, 1, NULL, NULL);
INSERT INTO `detail_transaksi` VALUES (498, 245, 150, 2, NULL, NULL);
INSERT INTO `detail_transaksi` VALUES (499, 245, 18, 3, NULL, NULL);
INSERT INTO `detail_transaksi` VALUES (500, 246, 16, 4, NULL, NULL);
INSERT INTO `detail_transaksi` VALUES (501, 246, 81, 2, NULL, NULL);
INSERT INTO `detail_transaksi` VALUES (502, 246, 7, 3, NULL, NULL);
INSERT INTO `detail_transaksi` VALUES (503, 246, 13, 4, NULL, NULL);
INSERT INTO `detail_transaksi` VALUES (504, 247, 146, 2, NULL, NULL);
INSERT INTO `detail_transaksi` VALUES (505, 247, 15, 1, NULL, NULL);
INSERT INTO `detail_transaksi` VALUES (506, 248, 7, 3, NULL, NULL);
INSERT INTO `detail_transaksi` VALUES (507, 248, 6, 4, NULL, NULL);
INSERT INTO `detail_transaksi` VALUES (508, 249, 159, 4, NULL, NULL);
INSERT INTO `detail_transaksi` VALUES (509, 250, 147, 2, NULL, NULL);
INSERT INTO `detail_transaksi` VALUES (510, 250, 153, 2, NULL, NULL);
INSERT INTO `detail_transaksi` VALUES (511, 250, 7, 3, NULL, NULL);
INSERT INTO `detail_transaksi` VALUES (512, 251, 146, 4, NULL, NULL);
INSERT INTO `detail_transaksi` VALUES (513, 251, 160, 2, NULL, NULL);
INSERT INTO `detail_transaksi` VALUES (514, 252, 114, 3, NULL, NULL);
INSERT INTO `detail_transaksi` VALUES (515, 252, 7, 4, NULL, NULL);
INSERT INTO `detail_transaksi` VALUES (516, 253, 6, 3, NULL, NULL);
INSERT INTO `detail_transaksi` VALUES (517, 254, 19, 2, NULL, NULL);
INSERT INTO `detail_transaksi` VALUES (518, 255, 146, 4, NULL, NULL);
INSERT INTO `detail_transaksi` VALUES (519, 255, 161, 2, NULL, NULL);
INSERT INTO `detail_transaksi` VALUES (520, 255, 18, 3, NULL, NULL);
INSERT INTO `detail_transaksi` VALUES (521, 256, 162, 2, NULL, NULL);
INSERT INTO `detail_transaksi` VALUES (522, 256, 147, 3, NULL, NULL);
INSERT INTO `detail_transaksi` VALUES (523, 257, 9, 2, NULL, NULL);
INSERT INTO `detail_transaksi` VALUES (524, 257, 146, 2, NULL, NULL);
INSERT INTO `detail_transaksi` VALUES (525, 258, 155, 2, NULL, NULL);
INSERT INTO `detail_transaksi` VALUES (526, 259, 150, 3, NULL, NULL);
INSERT INTO `detail_transaksi` VALUES (527, 259, 7, 4, NULL, NULL);
INSERT INTO `detail_transaksi` VALUES (528, 260, 154, 2, NULL, NULL);
INSERT INTO `detail_transaksi` VALUES (529, 260, 18, 3, NULL, NULL);
INSERT INTO `detail_transaksi` VALUES (530, 261, 147, 4, NULL, NULL);
INSERT INTO `detail_transaksi` VALUES (531, 261, 161, 2, NULL, NULL);
INSERT INTO `detail_transaksi` VALUES (532, 262, 81, 1, NULL, NULL);
INSERT INTO `detail_transaksi` VALUES (533, 263, 7, 3, NULL, NULL);
INSERT INTO `detail_transaksi` VALUES (534, 264, 154, 4, NULL, NULL);
INSERT INTO `detail_transaksi` VALUES (535, 265, 158, 2, NULL, NULL);
INSERT INTO `detail_transaksi` VALUES (536, 266, 81, 4, NULL, NULL);
INSERT INTO `detail_transaksi` VALUES (537, 267, 125, 2, NULL, NULL);
INSERT INTO `detail_transaksi` VALUES (538, 267, 163, 3, NULL, NULL);
INSERT INTO `detail_transaksi` VALUES (539, 267, 164, 2, NULL, NULL);
INSERT INTO `detail_transaksi` VALUES (540, 268, 165, 1, NULL, NULL);
INSERT INTO `detail_transaksi` VALUES (541, 268, 18, 3, NULL, NULL);
INSERT INTO `detail_transaksi` VALUES (542, 268, 23, 4, NULL, NULL);
INSERT INTO `detail_transaksi` VALUES (543, 269, 9, 3, NULL, NULL);
INSERT INTO `detail_transaksi` VALUES (544, 269, 33, 1, NULL, NULL);
INSERT INTO `detail_transaksi` VALUES (545, 270, 166, 2, NULL, NULL);
INSERT INTO `detail_transaksi` VALUES (546, 270, 23, 3, NULL, NULL);
INSERT INTO `detail_transaksi` VALUES (547, 270, 167, 4, NULL, NULL);
INSERT INTO `detail_transaksi` VALUES (548, 271, 168, 2, NULL, NULL);
INSERT INTO `detail_transaksi` VALUES (549, 271, 169, 0.4, NULL, NULL);
INSERT INTO `detail_transaksi` VALUES (550, 272, 170, 1, NULL, NULL);
INSERT INTO `detail_transaksi` VALUES (551, 272, 171, 3, NULL, NULL);
INSERT INTO `detail_transaksi` VALUES (552, 272, 104, 2, NULL, NULL);
INSERT INTO `detail_transaksi` VALUES (553, 273, 172, 4, NULL, NULL);
INSERT INTO `detail_transaksi` VALUES (554, 274, 78, 2, NULL, NULL);
INSERT INTO `detail_transaksi` VALUES (555, 274, 138, 3, NULL, NULL);
INSERT INTO `detail_transaksi` VALUES (556, 274, 173, 4, NULL, NULL);
INSERT INTO `detail_transaksi` VALUES (557, 275, 174, 5, NULL, NULL);
INSERT INTO `detail_transaksi` VALUES (558, 275, 164, 8.2, NULL, NULL);
INSERT INTO `detail_transaksi` VALUES (559, 275, 176, 1.1, NULL, NULL);
INSERT INTO `detail_transaksi` VALUES (560, 276, 125, 3, NULL, NULL);
INSERT INTO `detail_transaksi` VALUES (561, 276, 177, 1, NULL, NULL);
INSERT INTO `detail_transaksi` VALUES (562, 277, 178, 1, NULL, NULL);
INSERT INTO `detail_transaksi` VALUES (563, 277, 45, 2, NULL, NULL);
INSERT INTO `detail_transaksi` VALUES (564, 278, 168, 4, NULL, NULL);
INSERT INTO `detail_transaksi` VALUES (565, 278, 23, 2, NULL, NULL);
INSERT INTO `detail_transaksi` VALUES (566, 278, 165, 3, NULL, NULL);
INSERT INTO `detail_transaksi` VALUES (567, 279, 78, 2, NULL, NULL);
INSERT INTO `detail_transaksi` VALUES (568, 279, 104, 1, NULL, NULL);
INSERT INTO `detail_transaksi` VALUES (569, 280, 180, 2, NULL, NULL);
INSERT INTO `detail_transaksi` VALUES (570, 280, 125, 3, NULL, NULL);
INSERT INTO `detail_transaksi` VALUES (571, 281, 181, 4, NULL, NULL);
INSERT INTO `detail_transaksi` VALUES (572, 281, 182, 2, NULL, NULL);
INSERT INTO `detail_transaksi` VALUES (573, 281, 78, 3, NULL, NULL);
INSERT INTO `detail_transaksi` VALUES (574, 281, 183, 4, NULL, NULL);
INSERT INTO `detail_transaksi` VALUES (575, 282, 184, 2, NULL, NULL);
INSERT INTO `detail_transaksi` VALUES (576, 282, 170, 1, NULL, NULL);
INSERT INTO `detail_transaksi` VALUES (577, 283, 185, 3, NULL, NULL);
INSERT INTO `detail_transaksi` VALUES (578, 283, 165, 4, NULL, NULL);
INSERT INTO `detail_transaksi` VALUES (579, 284, 23, 4, NULL, NULL);
INSERT INTO `detail_transaksi` VALUES (580, 285, 103, 2, NULL, NULL);
INSERT INTO `detail_transaksi` VALUES (581, 285, 33, 2, NULL, NULL);
INSERT INTO `detail_transaksi` VALUES (582, 285, 18, 3, NULL, NULL);
INSERT INTO `detail_transaksi` VALUES (583, 286, 23, 4, NULL, NULL);
INSERT INTO `detail_transaksi` VALUES (584, 286, 164, 2, NULL, NULL);
INSERT INTO `detail_transaksi` VALUES (585, 287, 178, 3, NULL, NULL);
INSERT INTO `detail_transaksi` VALUES (586, 287, 185, 4, NULL, NULL);
INSERT INTO `detail_transaksi` VALUES (587, 288, 104, 3, NULL, NULL);
INSERT INTO `detail_transaksi` VALUES (588, 289, 186, 2, NULL, NULL);
INSERT INTO `detail_transaksi` VALUES (589, 290, 180, 4, NULL, NULL);
INSERT INTO `detail_transaksi` VALUES (590, 290, 187, 2, NULL, NULL);
INSERT INTO `detail_transaksi` VALUES (591, 290, 125, 3, NULL, NULL);
INSERT INTO `detail_transaksi` VALUES (592, 291, 188, 2, NULL, NULL);
INSERT INTO `detail_transaksi` VALUES (593, 291, 182, 3, NULL, NULL);
INSERT INTO `detail_transaksi` VALUES (594, 292, 9, 2, NULL, NULL);
INSERT INTO `detail_transaksi` VALUES (595, 292, 186, 2, NULL, NULL);
INSERT INTO `detail_transaksi` VALUES (596, 293, 180, 2, NULL, NULL);
INSERT INTO `detail_transaksi` VALUES (597, 294, 176, 3, NULL, NULL);
INSERT INTO `detail_transaksi` VALUES (598, 294, 18, 4, NULL, NULL);
INSERT INTO `detail_transaksi` VALUES (599, 295, 184, 2, NULL, NULL);
INSERT INTO `detail_transaksi` VALUES (600, 295, 78, 3, NULL, NULL);
INSERT INTO `detail_transaksi` VALUES (601, 296, 23, 4, NULL, NULL);
INSERT INTO `detail_transaksi` VALUES (602, 296, 104, 2, NULL, NULL);
INSERT INTO `detail_transaksi` VALUES (603, 297, 26, 1, NULL, NULL);
INSERT INTO `detail_transaksi` VALUES (604, 298, 9, 3, NULL, NULL);
INSERT INTO `detail_transaksi` VALUES (605, 299, 189, 4, NULL, NULL);
INSERT INTO `detail_transaksi` VALUES (606, 300, 23, 2, NULL, NULL);
INSERT INTO `detail_transaksi` VALUES (607, 301, 23, 4, NULL, NULL);
INSERT INTO `detail_transaksi` VALUES (608, 302, 71, 2, NULL, NULL);
INSERT INTO `detail_transaksi` VALUES (609, 302, 26, 3, NULL, NULL);
INSERT INTO `detail_transaksi` VALUES (610, 302, 190, 2, NULL, NULL);
INSERT INTO `detail_transaksi` VALUES (611, 303, 139, 1, NULL, NULL);
INSERT INTO `detail_transaksi` VALUES (612, 303, 191, 3, NULL, NULL);
INSERT INTO `detail_transaksi` VALUES (613, 303, 182, 4, NULL, NULL);
INSERT INTO `detail_transaksi` VALUES (614, 304, 166, 3, NULL, NULL);
INSERT INTO `detail_transaksi` VALUES (615, 304, 178, 1, NULL, NULL);
INSERT INTO `detail_transaksi` VALUES (616, 305, 125, 2, NULL, NULL);
INSERT INTO `detail_transaksi` VALUES (617, 305, 180, 3, NULL, NULL);
INSERT INTO `detail_transaksi` VALUES (618, 305, 170, 4, NULL, NULL);
INSERT INTO `detail_transaksi` VALUES (619, 306, 192, 2, NULL, NULL);
INSERT INTO `detail_transaksi` VALUES (620, 306, 71, 0.4, NULL, NULL);
INSERT INTO `detail_transaksi` VALUES (621, 307, 193, 1, NULL, NULL);
INSERT INTO `detail_transaksi` VALUES (622, 307, 9, 3, NULL, NULL);
INSERT INTO `detail_transaksi` VALUES (623, 307, 33, 2, NULL, NULL);
INSERT INTO `detail_transaksi` VALUES (624, 308, 23, 4, NULL, NULL);
INSERT INTO `detail_transaksi` VALUES (625, 309, 78, 2, NULL, NULL);
INSERT INTO `detail_transaksi` VALUES (626, 309, 182, 3, NULL, NULL);
INSERT INTO `detail_transaksi` VALUES (627, 309, 194, 4, NULL, NULL);
INSERT INTO `detail_transaksi` VALUES (628, 310, 192, 5, NULL, NULL);
INSERT INTO `detail_transaksi` VALUES (629, 310, 90, 8.2, NULL, NULL);
INSERT INTO `detail_transaksi` VALUES (630, 310, 182, 1.1, NULL, NULL);
INSERT INTO `detail_transaksi` VALUES (631, 311, 185, 3, NULL, NULL);
INSERT INTO `detail_transaksi` VALUES (632, 311, 23, 1, NULL, NULL);
INSERT INTO `detail_transaksi` VALUES (633, 312, 172, 1, NULL, NULL);
INSERT INTO `detail_transaksi` VALUES (634, 312, 196, 2, NULL, NULL);
INSERT INTO `detail_transaksi` VALUES (635, 313, 168, 4, NULL, NULL);
INSERT INTO `detail_transaksi` VALUES (636, 313, 197, 2, NULL, NULL);
INSERT INTO `detail_transaksi` VALUES (637, 313, 178, 3, NULL, NULL);
INSERT INTO `detail_transaksi` VALUES (638, 314, 9, 2, NULL, NULL);
INSERT INTO `detail_transaksi` VALUES (639, 314, 198, 1, NULL, NULL);
INSERT INTO `detail_transaksi` VALUES (640, 315, 23, 2, NULL, NULL);
INSERT INTO `detail_transaksi` VALUES (641, 315, 78, 3, NULL, NULL);
INSERT INTO `detail_transaksi` VALUES (642, 316, 33, 4, NULL, NULL);
INSERT INTO `detail_transaksi` VALUES (643, 316, 23, 2, NULL, NULL);
INSERT INTO `detail_transaksi` VALUES (644, 316, 18, 3, NULL, NULL);
INSERT INTO `detail_transaksi` VALUES (645, 316, 199, 4, NULL, NULL);
INSERT INTO `detail_transaksi` VALUES (646, 317, 184, 2, NULL, NULL);
INSERT INTO `detail_transaksi` VALUES (647, 317, 80, 1, NULL, NULL);
INSERT INTO `detail_transaksi` VALUES (648, 318, 125, 3, NULL, NULL);
INSERT INTO `detail_transaksi` VALUES (649, 318, 178, 4, NULL, NULL);
INSERT INTO `detail_transaksi` VALUES (650, 319, 200, 4, NULL, NULL);
INSERT INTO `detail_transaksi` VALUES (651, 320, 182, 2, NULL, NULL);
INSERT INTO `detail_transaksi` VALUES (652, 321, 42, 2, NULL, NULL);
INSERT INTO `detail_transaksi` VALUES (653, 321, 44, 3, NULL, NULL);
INSERT INTO `detail_transaksi` VALUES (654, 321, 111, 2, NULL, NULL);
INSERT INTO `detail_transaksi` VALUES (655, 322, 187, 1, NULL, NULL);
INSERT INTO `detail_transaksi` VALUES (656, 322, 4, 3, NULL, NULL);
INSERT INTO `detail_transaksi` VALUES (657, 322, 201, 4, NULL, NULL);
INSERT INTO `detail_transaksi` VALUES (658, 323, 202, 3, NULL, NULL);
INSERT INTO `detail_transaksi` VALUES (659, 323, 33, 1, NULL, NULL);
INSERT INTO `detail_transaksi` VALUES (660, 324, 9, 2, NULL, NULL);
INSERT INTO `detail_transaksi` VALUES (661, 324, 203, 3, NULL, NULL);
INSERT INTO `detail_transaksi` VALUES (662, 324, 183, 4, NULL, NULL);
INSERT INTO `detail_transaksi` VALUES (663, 325, 56, 2, NULL, NULL);
INSERT INTO `detail_transaksi` VALUES (664, 325, 204, 0.4, NULL, NULL);
INSERT INTO `detail_transaksi` VALUES (665, 326, 205, 1, NULL, NULL);
INSERT INTO `detail_transaksi` VALUES (666, 326, 206, 3, NULL, NULL);
INSERT INTO `detail_transaksi` VALUES (667, 326, 207, 2, NULL, NULL);
INSERT INTO `detail_transaksi` VALUES (668, 327, 203, 4, NULL, NULL);
INSERT INTO `detail_transaksi` VALUES (669, 328, 18, 2, NULL, NULL);
INSERT INTO `detail_transaksi` VALUES (670, 328, 201, 3, NULL, NULL);
INSERT INTO `detail_transaksi` VALUES (671, 328, 45, 4, NULL, NULL);
INSERT INTO `detail_transaksi` VALUES (672, 329, 80, 5, NULL, NULL);
INSERT INTO `detail_transaksi` VALUES (673, 329, 6, 8.2, NULL, NULL);
INSERT INTO `detail_transaksi` VALUES (674, 329, 44, 1.1, NULL, NULL);
INSERT INTO `detail_transaksi` VALUES (675, 330, 78, 3, NULL, NULL);
INSERT INTO `detail_transaksi` VALUES (676, 330, 203, 1, NULL, NULL);
INSERT INTO `detail_transaksi` VALUES (677, 331, 104, 1, NULL, NULL);
INSERT INTO `detail_transaksi` VALUES (678, 331, 201, 2, NULL, NULL);
INSERT INTO `detail_transaksi` VALUES (679, 332, 13, 4, NULL, NULL);
INSERT INTO `detail_transaksi` VALUES (680, 332, 208, 2, NULL, NULL);
INSERT INTO `detail_transaksi` VALUES (681, 332, 16, 3, NULL, NULL);
INSERT INTO `detail_transaksi` VALUES (682, 333, 204, 2, NULL, NULL);
INSERT INTO `detail_transaksi` VALUES (683, 333, 209, 1, NULL, NULL);
INSERT INTO `detail_transaksi` VALUES (684, 334, 44, 2, NULL, NULL);
INSERT INTO `detail_transaksi` VALUES (685, 334, 78, 3, NULL, NULL);
INSERT INTO `detail_transaksi` VALUES (686, 335, 210, 4, NULL, NULL);
INSERT INTO `detail_transaksi` VALUES (687, 335, 182, 2, NULL, NULL);
INSERT INTO `detail_transaksi` VALUES (688, 335, 211, 3, NULL, NULL);
INSERT INTO `detail_transaksi` VALUES (689, 335, 212, 4, NULL, NULL);
INSERT INTO `detail_transaksi` VALUES (690, 336, 213, 2, NULL, NULL);
INSERT INTO `detail_transaksi` VALUES (691, 336, 214, 1, NULL, NULL);
INSERT INTO `detail_transaksi` VALUES (692, 337, 42, 3, NULL, NULL);
INSERT INTO `detail_transaksi` VALUES (693, 337, 215, 4, NULL, NULL);
INSERT INTO `detail_transaksi` VALUES (694, 338, 26, 4, NULL, NULL);
INSERT INTO `detail_transaksi` VALUES (695, 339, 216, 2, NULL, NULL);
INSERT INTO `detail_transaksi` VALUES (696, 339, 16, 2, NULL, NULL);
INSERT INTO `detail_transaksi` VALUES (697, 339, 202, 3, NULL, NULL);
INSERT INTO `detail_transaksi` VALUES (698, 340, 208, 4, NULL, NULL);
INSERT INTO `detail_transaksi` VALUES (699, 340, 217, 2, NULL, NULL);
INSERT INTO `detail_transaksi` VALUES (700, 341, 218, 3, NULL, NULL);
INSERT INTO `detail_transaksi` VALUES (701, 341, 245, 4, NULL, NULL);
INSERT INTO `detail_transaksi` VALUES (702, 342, 220, 3, NULL, NULL);
INSERT INTO `detail_transaksi` VALUES (703, 343, 26, 2, NULL, NULL);
INSERT INTO `detail_transaksi` VALUES (704, 344, 221, 4, NULL, NULL);
INSERT INTO `detail_transaksi` VALUES (705, 344, 16, 2, NULL, NULL);
INSERT INTO `detail_transaksi` VALUES (706, 344, 78, 3, NULL, NULL);
INSERT INTO `detail_transaksi` VALUES (707, 345, 121, 2, NULL, NULL);
INSERT INTO `detail_transaksi` VALUES (708, 345, 222, 3, NULL, NULL);
INSERT INTO `detail_transaksi` VALUES (709, 346, 204, 2, NULL, NULL);
INSERT INTO `detail_transaksi` VALUES (710, 346, 208, 2, NULL, NULL);
INSERT INTO `detail_transaksi` VALUES (711, 347, 44, 2, NULL, NULL);
INSERT INTO `detail_transaksi` VALUES (712, 348, 26, 3, NULL, NULL);
INSERT INTO `detail_transaksi` VALUES (713, 348, 78, 4, NULL, NULL);
INSERT INTO `detail_transaksi` VALUES (714, 349, 182, 2, NULL, NULL);
INSERT INTO `detail_transaksi` VALUES (715, 349, 223, 3, NULL, NULL);
INSERT INTO `detail_transaksi` VALUES (716, 350, 26, 4, NULL, NULL);
INSERT INTO `detail_transaksi` VALUES (717, 350, 16, 2, NULL, NULL);
INSERT INTO `detail_transaksi` VALUES (718, 351, 44, 1, NULL, NULL);
INSERT INTO `detail_transaksi` VALUES (719, 352, 204, 3, NULL, NULL);
INSERT INTO `detail_transaksi` VALUES (720, 353, 201, 4, NULL, NULL);
INSERT INTO `detail_transaksi` VALUES (721, 354, 27, 2, NULL, NULL);
INSERT INTO `detail_transaksi` VALUES (722, 355, 26, 4, NULL, NULL);
INSERT INTO `detail_transaksi` VALUES (723, 356, 78, 2, NULL, NULL);
INSERT INTO `detail_transaksi` VALUES (724, 356, 224, 3, NULL, NULL);
INSERT INTO `detail_transaksi` VALUES (725, 356, 225, 2, NULL, NULL);
INSERT INTO `detail_transaksi` VALUES (726, 357, 104, 1, NULL, NULL);
INSERT INTO `detail_transaksi` VALUES (727, 357, 78, 3, NULL, NULL);
INSERT INTO `detail_transaksi` VALUES (728, 357, 27, 4, NULL, NULL);
INSERT INTO `detail_transaksi` VALUES (729, 358, 78, 3, NULL, NULL);
INSERT INTO `detail_transaksi` VALUES (730, 358, 16, 1, NULL, NULL);
INSERT INTO `detail_transaksi` VALUES (731, 359, 125, 2, NULL, NULL);
INSERT INTO `detail_transaksi` VALUES (732, 359, 44, 3, NULL, NULL);
INSERT INTO `detail_transaksi` VALUES (733, 359, 13, 4, NULL, NULL);
INSERT INTO `detail_transaksi` VALUES (734, 360, 226, 2, NULL, NULL);
INSERT INTO `detail_transaksi` VALUES (735, 360, 211, 0.4, NULL, NULL);
INSERT INTO `detail_transaksi` VALUES (736, 361, 227, 1, NULL, NULL);
INSERT INTO `detail_transaksi` VALUES (737, 361, 78, 3, NULL, NULL);
INSERT INTO `detail_transaksi` VALUES (738, 361, 16, 2, NULL, NULL);
INSERT INTO `detail_transaksi` VALUES (739, 362, 203, 4, NULL, NULL);
INSERT INTO `detail_transaksi` VALUES (740, 363, 204, 2, NULL, NULL);
INSERT INTO `detail_transaksi` VALUES (741, 363, 26, 3, NULL, NULL);
INSERT INTO `detail_transaksi` VALUES (742, 363, 228, 4, NULL, NULL);
INSERT INTO `detail_transaksi` VALUES (743, 364, 116, 5, NULL, NULL);
INSERT INTO `detail_transaksi` VALUES (744, 364, 16, 8.2, NULL, NULL);
INSERT INTO `detail_transaksi` VALUES (745, 364, 44, 1.1, NULL, NULL);
INSERT INTO `detail_transaksi` VALUES (746, 365, 78, 3, NULL, NULL);
INSERT INTO `detail_transaksi` VALUES (747, 365, 26, 1, NULL, NULL);
INSERT INTO `detail_transaksi` VALUES (748, 366, 187, 1, NULL, NULL);
INSERT INTO `detail_transaksi` VALUES (749, 366, 229, 2, NULL, NULL);
INSERT INTO `detail_transaksi` VALUES (750, 367, 225, 4, NULL, NULL);
INSERT INTO `detail_transaksi` VALUES (751, 367, 182, 2, NULL, NULL);
INSERT INTO `detail_transaksi` VALUES (752, 367, 6, 3, NULL, NULL);
INSERT INTO `detail_transaksi` VALUES (753, 368, 202, 2, NULL, NULL);
INSERT INTO `detail_transaksi` VALUES (754, 368, 16, 1, NULL, NULL);
INSERT INTO `detail_transaksi` VALUES (755, 369, 203, 2, NULL, NULL);
INSERT INTO `detail_transaksi` VALUES (756, 369, 78, 3, NULL, NULL);
INSERT INTO `detail_transaksi` VALUES (757, 370, 16, 4, NULL, NULL);
INSERT INTO `detail_transaksi` VALUES (758, 370, 44, 2, NULL, NULL);
INSERT INTO `detail_transaksi` VALUES (759, 371, 78, 2, NULL, NULL);
INSERT INTO `detail_transaksi` VALUES (760, 371, 23, 3, NULL, NULL);
INSERT INTO `detail_transaksi` VALUES (761, 371, 168, 2, NULL, NULL);
INSERT INTO `detail_transaksi` VALUES (762, 372, 77, 1, NULL, NULL);
INSERT INTO `detail_transaksi` VALUES (763, 372, 230, 3, NULL, NULL);
INSERT INTO `detail_transaksi` VALUES (764, 372, 182, 4, NULL, NULL);
INSERT INTO `detail_transaksi` VALUES (765, 373, 71, 3, NULL, NULL);
INSERT INTO `detail_transaksi` VALUES (766, 373, 231, 1, NULL, NULL);
INSERT INTO `detail_transaksi` VALUES (767, 374, 232, 2, NULL, NULL);
INSERT INTO `detail_transaksi` VALUES (768, 374, 26, 3, NULL, NULL);
INSERT INTO `detail_transaksi` VALUES (769, 374, 233, 4, NULL, NULL);
INSERT INTO `detail_transaksi` VALUES (770, 375, 192, 2, NULL, NULL);
INSERT INTO `detail_transaksi` VALUES (771, 375, 230, 0.4, NULL, NULL);
INSERT INTO `detail_transaksi` VALUES (772, 376, 168, 1, NULL, NULL);
INSERT INTO `detail_transaksi` VALUES (773, 376, 125, 3, NULL, NULL);
INSERT INTO `detail_transaksi` VALUES (774, 376, 77, 2, NULL, NULL);
INSERT INTO `detail_transaksi` VALUES (775, 377, 234, 4, NULL, NULL);
INSERT INTO `detail_transaksi` VALUES (776, 378, 71, 2, NULL, NULL);
INSERT INTO `detail_transaksi` VALUES (777, 378, 180, 3, NULL, NULL);
INSERT INTO `detail_transaksi` VALUES (778, 378, 235, 4, NULL, NULL);
INSERT INTO `detail_transaksi` VALUES (779, 379, 13, 5, NULL, NULL);
INSERT INTO `detail_transaksi` VALUES (780, 379, 33, 8.2, NULL, NULL);
INSERT INTO `detail_transaksi` VALUES (781, 379, 234, 1.1, NULL, NULL);
INSERT INTO `detail_transaksi` VALUES (782, 380, 230, 3, NULL, NULL);
INSERT INTO `detail_transaksi` VALUES (783, 380, 234, 1, NULL, NULL);
INSERT INTO `detail_transaksi` VALUES (784, 381, 231, 1, NULL, NULL);
INSERT INTO `detail_transaksi` VALUES (785, 381, 182, 2, NULL, NULL);
INSERT INTO `detail_transaksi` VALUES (786, 382, 183, 4, NULL, NULL);
INSERT INTO `detail_transaksi` VALUES (787, 382, 234, 2, NULL, NULL);
INSERT INTO `detail_transaksi` VALUES (788, 382, 231, 3, NULL, NULL);
INSERT INTO `detail_transaksi` VALUES (789, 383, 125, 2, NULL, NULL);
INSERT INTO `detail_transaksi` VALUES (790, 383, 77, 1, NULL, NULL);
INSERT INTO `detail_transaksi` VALUES (791, 384, 236, 2, NULL, NULL);
INSERT INTO `detail_transaksi` VALUES (792, 384, 125, 3, NULL, NULL);
INSERT INTO `detail_transaksi` VALUES (793, 385, 6, 4, NULL, NULL);
INSERT INTO `detail_transaksi` VALUES (794, 385, 180, 2, NULL, NULL);
INSERT INTO `detail_transaksi` VALUES (795, 385, 125, 3, NULL, NULL);
INSERT INTO `detail_transaksi` VALUES (796, 385, 168, 4, NULL, NULL);
INSERT INTO `detail_transaksi` VALUES (797, 386, 80, 2, NULL, NULL);
INSERT INTO `detail_transaksi` VALUES (798, 386, 193, 1, NULL, NULL);
INSERT INTO `detail_transaksi` VALUES (799, 387, 71, 3, NULL, NULL);
INSERT INTO `detail_transaksi` VALUES (800, 387, 238, 4, NULL, NULL);
INSERT INTO `detail_transaksi` VALUES (801, 388, 26, 4, NULL, NULL);
INSERT INTO `detail_transaksi` VALUES (802, 389, 182, 2, NULL, NULL);
INSERT INTO `detail_transaksi` VALUES (803, 389, 33, 2, NULL, NULL);
INSERT INTO `detail_transaksi` VALUES (804, 389, 71, 3, NULL, NULL);
INSERT INTO `detail_transaksi` VALUES (805, 390, 234, 4, NULL, NULL);
INSERT INTO `detail_transaksi` VALUES (806, 390, 194, 2, NULL, NULL);
INSERT INTO `detail_transaksi` VALUES (807, 391, 77, 3, NULL, NULL);
INSERT INTO `detail_transaksi` VALUES (808, 391, 30, 4, NULL, NULL);
INSERT INTO `detail_transaksi` VALUES (809, 392, 165, 3, NULL, NULL);
INSERT INTO `detail_transaksi` VALUES (810, 393, 26, 2, NULL, NULL);
INSERT INTO `detail_transaksi` VALUES (811, 394, 23, 4, NULL, NULL);
INSERT INTO `detail_transaksi` VALUES (812, 394, 238, 2, NULL, NULL);
INSERT INTO `detail_transaksi` VALUES (813, 394, 230, 3, NULL, NULL);
INSERT INTO `detail_transaksi` VALUES (814, 395, 170, 2, NULL, NULL);
INSERT INTO `detail_transaksi` VALUES (815, 395, 23, 3, NULL, NULL);
INSERT INTO `detail_transaksi` VALUES (816, 396, 9, 2, NULL, NULL);
INSERT INTO `detail_transaksi` VALUES (817, 396, 234, 2, NULL, NULL);
INSERT INTO `detail_transaksi` VALUES (818, 397, 239, 2, NULL, NULL);
INSERT INTO `detail_transaksi` VALUES (819, 398, 201, 3, NULL, NULL);
INSERT INTO `detail_transaksi` VALUES (820, 398, 71, 4, NULL, NULL);
INSERT INTO `detail_transaksi` VALUES (821, 399, 180, 2, NULL, NULL);
INSERT INTO `detail_transaksi` VALUES (822, 399, 230, 3, NULL, NULL);
INSERT INTO `detail_transaksi` VALUES (823, 400, 234, 4, NULL, NULL);
INSERT INTO `detail_transaksi` VALUES (824, 400, 33, 2, NULL, NULL);
INSERT INTO `detail_transaksi` VALUES (825, 401, 23, 1, NULL, NULL);
INSERT INTO `detail_transaksi` VALUES (826, 402, 71, 3, NULL, NULL);
INSERT INTO `detail_transaksi` VALUES (827, 403, 147, 4, NULL, NULL);
INSERT INTO `detail_transaksi` VALUES (828, 404, 182, 2, NULL, NULL);
INSERT INTO `detail_transaksi` VALUES (829, 405, 26, 4, NULL, NULL);
INSERT INTO `detail_transaksi` VALUES (830, 406, 125, 2, NULL, NULL);
INSERT INTO `detail_transaksi` VALUES (831, 406, 234, 3, NULL, NULL);
INSERT INTO `detail_transaksi` VALUES (832, 406, 168, 2, NULL, NULL);
INSERT INTO `detail_transaksi` VALUES (833, 407, 77, 1, NULL, NULL);
INSERT INTO `detail_transaksi` VALUES (834, 407, 230, 3, NULL, NULL);
INSERT INTO `detail_transaksi` VALUES (835, 407, 26, 4, NULL, NULL);
INSERT INTO `detail_transaksi` VALUES (836, 408, 125, 3, NULL, NULL);
INSERT INTO `detail_transaksi` VALUES (837, 408, 33, 1, NULL, NULL);
INSERT INTO `detail_transaksi` VALUES (838, 409, 232, 2, NULL, NULL);
INSERT INTO `detail_transaksi` VALUES (839, 409, 80, 3, NULL, NULL);
INSERT INTO `detail_transaksi` VALUES (840, 409, 199, 4, NULL, NULL);
INSERT INTO `detail_transaksi` VALUES (841, 410, 240, 2, NULL, NULL);
INSERT INTO `detail_transaksi` VALUES (842, 410, 125, 0.4, NULL, NULL);
INSERT INTO `detail_transaksi` VALUES (843, 411, 168, 1, NULL, NULL);
INSERT INTO `detail_transaksi` VALUES (844, 411, 9, 3, NULL, NULL);
INSERT INTO `detail_transaksi` VALUES (845, 411, 238, 2, NULL, NULL);
INSERT INTO `detail_transaksi` VALUES (846, 412, 234, 4, NULL, NULL);
INSERT INTO `detail_transaksi` VALUES (847, 413, 71, 2, NULL, NULL);
INSERT INTO `detail_transaksi` VALUES (848, 413, 26, 3, NULL, NULL);
INSERT INTO `detail_transaksi` VALUES (849, 413, 168, 4, NULL, NULL);
INSERT INTO `detail_transaksi` VALUES (850, 414, 192, 2, NULL, NULL);
INSERT INTO `detail_transaksi` VALUES (851, 414, 217, 3, NULL, NULL);
INSERT INTO `detail_transaksi` VALUES (852, 415, 26, 4, NULL, NULL);
INSERT INTO `detail_transaksi` VALUES (853, 416, 44, 2, NULL, NULL);
INSERT INTO `detail_transaksi` VALUES (854, 416, 116, 2, NULL, NULL);
INSERT INTO `detail_transaksi` VALUES (855, 416, 113, 3, NULL, NULL);
INSERT INTO `detail_transaksi` VALUES (856, 417, 182, 4, NULL, NULL);
INSERT INTO `detail_transaksi` VALUES (857, 417, 241, 2, NULL, NULL);
INSERT INTO `detail_transaksi` VALUES (858, 418, 170, 3, NULL, NULL);
INSERT INTO `detail_transaksi` VALUES (859, 418, 78, 4, NULL, NULL);
INSERT INTO `detail_transaksi` VALUES (860, 419, 6, 3, NULL, NULL);
INSERT INTO `detail_transaksi` VALUES (861, 420, 201, 2, NULL, NULL);
INSERT INTO `detail_transaksi` VALUES (862, 421, 242, 4, NULL, NULL);
INSERT INTO `detail_transaksi` VALUES (863, 421, 243, 2, NULL, NULL);
INSERT INTO `detail_transaksi` VALUES (864, 421, 204, 3, NULL, NULL);
INSERT INTO `detail_transaksi` VALUES (865, 422, 214, 2, NULL, NULL);
INSERT INTO `detail_transaksi` VALUES (866, 422, 229, 3, NULL, NULL);
INSERT INTO `detail_transaksi` VALUES (867, 423, 78, 2, NULL, NULL);
INSERT INTO `detail_transaksi` VALUES (868, 423, 44, 2, NULL, NULL);
INSERT INTO `detail_transaksi` VALUES (869, 424, 26, 2, NULL, NULL);
INSERT INTO `detail_transaksi` VALUES (870, 425, 201, 3, NULL, NULL);
INSERT INTO `detail_transaksi` VALUES (871, 425, 204, 4, NULL, NULL);
INSERT INTO `detail_transaksi` VALUES (872, 426, 244, 2, NULL, NULL);
INSERT INTO `detail_transaksi` VALUES (873, 426, 125, 3, NULL, NULL);
INSERT INTO `detail_transaksi` VALUES (874, 427, 219, 4, NULL, NULL);
INSERT INTO `detail_transaksi` VALUES (875, 427, 246, 2, NULL, NULL);
INSERT INTO `detail_transaksi` VALUES (876, 428, 203, 1, NULL, NULL);
INSERT INTO `detail_transaksi` VALUES (877, 429, 9, 3, NULL, NULL);
INSERT INTO `detail_transaksi` VALUES (878, 430, 26, 4, NULL, NULL);
INSERT INTO `detail_transaksi` VALUES (879, 431, 44, 2, NULL, NULL);
INSERT INTO `detail_transaksi` VALUES (880, 432, 44, 4, NULL, NULL);
INSERT INTO `detail_transaksi` VALUES (881, 433, 123, 1, NULL, NULL);
INSERT INTO `detail_transaksi` VALUES (882, 433, 78, 3, NULL, NULL);
INSERT INTO `detail_transaksi` VALUES (883, 433, 26, 4, NULL, NULL);
INSERT INTO `detail_transaksi` VALUES (884, 434, 164, 2, NULL, NULL);
INSERT INTO `detail_transaksi` VALUES (885, 434, 182, 3, NULL, NULL);
INSERT INTO `detail_transaksi` VALUES (886, 435, 9, 2, NULL, NULL);
INSERT INTO `detail_transaksi` VALUES (887, 435, 229, 2, NULL, NULL);
INSERT INTO `detail_transaksi` VALUES (888, 436, 44, 2, NULL, NULL);
INSERT INTO `detail_transaksi` VALUES (889, 437, 247, 3, NULL, NULL);
INSERT INTO `detail_transaksi` VALUES (890, 437, 202, 4, NULL, NULL);
INSERT INTO `detail_transaksi` VALUES (891, 438, 26, 2, NULL, NULL);
INSERT INTO `detail_transaksi` VALUES (892, 438, 78, 3, NULL, NULL);
INSERT INTO `detail_transaksi` VALUES (893, 439, 203, 4, NULL, NULL);
INSERT INTO `detail_transaksi` VALUES (894, 439, 33, 2, NULL, NULL);
INSERT INTO `detail_transaksi` VALUES (895, 440, 27, 1, NULL, NULL);
INSERT INTO `detail_transaksi` VALUES (896, 441, 111, 3, NULL, NULL);
INSERT INTO `detail_transaksi` VALUES (897, 442, 26, 4, NULL, NULL);
INSERT INTO `detail_transaksi` VALUES (898, 443, 248, 2, NULL, NULL);
INSERT INTO `detail_transaksi` VALUES (899, 444, 13, 4, NULL, NULL);
INSERT INTO `detail_transaksi` VALUES (900, 445, 118, 2, NULL, NULL);
INSERT INTO `detail_transaksi` VALUES (901, 445, 25, 3, NULL, NULL);
INSERT INTO `detail_transaksi` VALUES (902, 446, 7, 2, NULL, NULL);
INSERT INTO `detail_transaksi` VALUES (903, 446, 17, 2, NULL, NULL);
INSERT INTO `detail_transaksi` VALUES (904, 447, 40, 2, NULL, NULL);
INSERT INTO `detail_transaksi` VALUES (905, 448, 249, 0.2, NULL, NULL);
INSERT INTO `detail_transaksi` VALUES (906, 448, 125, 4, NULL, NULL);
INSERT INTO `detail_transaksi` VALUES (907, 449, 116, 2, NULL, NULL);
INSERT INTO `detail_transaksi` VALUES (908, 449, 188, 3, NULL, NULL);
INSERT INTO `detail_transaksi` VALUES (909, 450, 243, 4, NULL, NULL);
INSERT INTO `detail_transaksi` VALUES (910, 450, 16, 2, NULL, NULL);
INSERT INTO `detail_transaksi` VALUES (911, 451, 103, 1, NULL, NULL);
INSERT INTO `detail_transaksi` VALUES (912, 452, 18, 3, NULL, NULL);
INSERT INTO `detail_transaksi` VALUES (913, 453, 75, 4, NULL, NULL);
INSERT INTO `detail_transaksi` VALUES (914, 454, 250, 2, NULL, NULL);
INSERT INTO `detail_transaksi` VALUES (915, 455, 75, 4, NULL, NULL);
INSERT INTO `detail_transaksi` VALUES (916, 456, 251, 2, NULL, NULL);
INSERT INTO `detail_transaksi` VALUES (917, 456, 75, 1, NULL, NULL);
INSERT INTO `detail_transaksi` VALUES (918, 457, 188, 2, NULL, NULL);
INSERT INTO `detail_transaksi` VALUES (919, 457, 25, 3, NULL, NULL);
INSERT INTO `detail_transaksi` VALUES (920, 458, 7, 2, NULL, NULL);
INSERT INTO `detail_transaksi` VALUES (921, 458, 25, 3, NULL, NULL);
INSERT INTO `detail_transaksi` VALUES (922, 458, 13, 4, NULL, NULL);
INSERT INTO `detail_transaksi` VALUES (923, 459, 56, 2, NULL, NULL);
INSERT INTO `detail_transaksi` VALUES (924, 459, 7, 0.4, NULL, NULL);
INSERT INTO `detail_transaksi` VALUES (925, 460, 192, 1, NULL, NULL);
INSERT INTO `detail_transaksi` VALUES (926, 460, 118, 3, NULL, NULL);
INSERT INTO `detail_transaksi` VALUES (927, 460, 6, 2, NULL, NULL);
INSERT INTO `detail_transaksi` VALUES (928, 461, 46, 4, NULL, NULL);
INSERT INTO `detail_transaksi` VALUES (929, 462, 7, 2, NULL, NULL);
INSERT INTO `detail_transaksi` VALUES (930, 462, 25, 3, NULL, NULL);
INSERT INTO `detail_transaksi` VALUES (931, 462, 75, 4, NULL, NULL);
INSERT INTO `detail_transaksi` VALUES (932, 463, 25, 3, NULL, NULL);
INSERT INTO `detail_transaksi` VALUES (933, 463, 7, 4, NULL, NULL);
INSERT INTO `detail_transaksi` VALUES (934, 464, 75, 2, NULL, NULL);
INSERT INTO `detail_transaksi` VALUES (935, 464, 118, 3, NULL, NULL);
INSERT INTO `detail_transaksi` VALUES (936, 465, 251, 4, NULL, NULL);
INSERT INTO `detail_transaksi` VALUES (937, 465, 117, 2, NULL, NULL);
INSERT INTO `detail_transaksi` VALUES (938, 466, 75, 1, NULL, NULL);
INSERT INTO `detail_transaksi` VALUES (939, 467, 75, 3, NULL, NULL);
INSERT INTO `detail_transaksi` VALUES (940, 468, 75, 4, NULL, NULL);
INSERT INTO `detail_transaksi` VALUES (941, 469, 75, 2, NULL, NULL);
INSERT INTO `detail_transaksi` VALUES (942, 470, 75, 4, NULL, NULL);
INSERT INTO `detail_transaksi` VALUES (943, 471, 116, 2, NULL, NULL);
INSERT INTO `detail_transaksi` VALUES (944, 471, 12, 3, NULL, NULL);
INSERT INTO `detail_transaksi` VALUES (945, 471, 89, 2, NULL, NULL);
INSERT INTO `detail_transaksi` VALUES (946, 472, 106, 1, NULL, NULL);
INSERT INTO `detail_transaksi` VALUES (947, 472, 118, 3, NULL, NULL);
INSERT INTO `detail_transaksi` VALUES (948, 472, 25, 4, NULL, NULL);
INSERT INTO `detail_transaksi` VALUES (949, 473, 7, 3, NULL, NULL);
INSERT INTO `detail_transaksi` VALUES (950, 473, 252, 1, NULL, NULL);
INSERT INTO `detail_transaksi` VALUES (951, 474, 7, 2, NULL, NULL);
INSERT INTO `detail_transaksi` VALUES (952, 474, 25, 3, NULL, NULL);
INSERT INTO `detail_transaksi` VALUES (953, 474, 253, 4, NULL, NULL);
INSERT INTO `detail_transaksi` VALUES (954, 475, 254, 2, NULL, NULL);
INSERT INTO `detail_transaksi` VALUES (955, 475, 118, 0.4, NULL, NULL);
INSERT INTO `detail_transaksi` VALUES (956, 476, 80, 1, NULL, NULL);
INSERT INTO `detail_transaksi` VALUES (957, 476, 18, 3, NULL, NULL);
INSERT INTO `detail_transaksi` VALUES (958, 476, 77, 2, NULL, NULL);
INSERT INTO `detail_transaksi` VALUES (959, 477, 28, 4, NULL, NULL);
INSERT INTO `detail_transaksi` VALUES (960, 478, 18, 2, NULL, NULL);
INSERT INTO `detail_transaksi` VALUES (961, 478, 17, 3, NULL, NULL);
INSERT INTO `detail_transaksi` VALUES (962, 478, 75, 4, NULL, NULL);
INSERT INTO `detail_transaksi` VALUES (963, 479, 75, 5, NULL, NULL);
INSERT INTO `detail_transaksi` VALUES (964, 479, 33, 8.2, NULL, NULL);
INSERT INTO `detail_transaksi` VALUES (965, 479, 25, 1.1, NULL, NULL);
INSERT INTO `detail_transaksi` VALUES (966, 480, 18, 3, NULL, NULL);
INSERT INTO `detail_transaksi` VALUES (967, 480, 25, 1, NULL, NULL);
INSERT INTO `detail_transaksi` VALUES (968, 481, 37, 1, NULL, NULL);
INSERT INTO `detail_transaksi` VALUES (969, 481, 53, 2, NULL, NULL);
INSERT INTO `detail_transaksi` VALUES (970, 482, 116, 4, NULL, NULL);
INSERT INTO `detail_transaksi` VALUES (971, 482, 25, 2, NULL, NULL);
INSERT INTO `detail_transaksi` VALUES (972, 482, 37, 3, NULL, NULL);
INSERT INTO `detail_transaksi` VALUES (973, 483, 118, 2, NULL, NULL);
INSERT INTO `detail_transaksi` VALUES (974, 483, 77, 1, NULL, NULL);
INSERT INTO `detail_transaksi` VALUES (975, 484, 103, 2, NULL, NULL);
INSERT INTO `detail_transaksi` VALUES (976, 484, 7, 3, NULL, NULL);
INSERT INTO `detail_transaksi` VALUES (977, 485, 33, 4, NULL, NULL);
INSERT INTO `detail_transaksi` VALUES (978, 485, 17, 2, NULL, NULL);
INSERT INTO `detail_transaksi` VALUES (979, 485, 125, 3, NULL, NULL);
INSERT INTO `detail_transaksi` VALUES (980, 485, 243, 4, NULL, NULL);
INSERT INTO `detail_transaksi` VALUES (981, 486, 145, 2, NULL, NULL);
INSERT INTO `detail_transaksi` VALUES (982, 486, 116, 1, NULL, NULL);
INSERT INTO `detail_transaksi` VALUES (983, 487, 118, 3, NULL, NULL);
INSERT INTO `detail_transaksi` VALUES (984, 487, 252, 4, NULL, NULL);
INSERT INTO `detail_transaksi` VALUES (985, 488, 25, 4, NULL, NULL);
INSERT INTO `detail_transaksi` VALUES (986, 489, 17, 2, NULL, NULL);
INSERT INTO `detail_transaksi` VALUES (987, 489, 123, 2, NULL, NULL);
INSERT INTO `detail_transaksi` VALUES (988, 489, 7, 3, NULL, NULL);
INSERT INTO `detail_transaksi` VALUES (989, 490, 25, 4, NULL, NULL);
INSERT INTO `detail_transaksi` VALUES (990, 490, 255, 2, NULL, NULL);
INSERT INTO `detail_transaksi` VALUES (991, 491, 33, 3, NULL, NULL);
INSERT INTO `detail_transaksi` VALUES (992, 491, 71, 4, NULL, NULL);
INSERT INTO `detail_transaksi` VALUES (993, 492, 77, 3, NULL, NULL);
INSERT INTO `detail_transaksi` VALUES (994, 493, 25, 2, NULL, NULL);
INSERT INTO `detail_transaksi` VALUES (995, 494, 40, 4, NULL, NULL);
INSERT INTO `detail_transaksi` VALUES (996, 494, 6, 2, NULL, NULL);
INSERT INTO `detail_transaksi` VALUES (997, 494, 7, 3, NULL, NULL);
INSERT INTO `detail_transaksi` VALUES (998, 495, 111, 2, NULL, NULL);
INSERT INTO `detail_transaksi` VALUES (999, 495, 17, 3, NULL, NULL);
INSERT INTO `detail_transaksi` VALUES (1000, 496, 71, 2, NULL, NULL);

-- ----------------------------
-- Table structure for failed_jobs
-- ----------------------------
DROP TABLE IF EXISTS `failed_jobs`;
CREATE TABLE `failed_jobs`  (
  `id` bigint UNSIGNED NOT NULL AUTO_INCREMENT,
  `uuid` varchar(255) CHARACTER SET utf8mb4 COLLATE utf8mb4_unicode_ci NOT NULL,
  `connection` text CHARACTER SET utf8mb4 COLLATE utf8mb4_unicode_ci NOT NULL,
  `queue` text CHARACTER SET utf8mb4 COLLATE utf8mb4_unicode_ci NOT NULL,
  `payload` longtext CHARACTER SET utf8mb4 COLLATE utf8mb4_unicode_ci NOT NULL,
  `exception` longtext CHARACTER SET utf8mb4 COLLATE utf8mb4_unicode_ci NOT NULL,
  `failed_at` timestamp NOT NULL DEFAULT CURRENT_TIMESTAMP,
  PRIMARY KEY (`id`) USING BTREE,
  UNIQUE INDEX `failed_jobs_uuid_unique`(`uuid` ASC) USING BTREE
) ENGINE = InnoDB CHARACTER SET = utf8mb4 COLLATE = utf8mb4_unicode_ci ROW_FORMAT = DYNAMIC;

-- ----------------------------
-- Records of failed_jobs
-- ----------------------------

-- ----------------------------
-- Table structure for kategori_sampah
-- ----------------------------
DROP TABLE IF EXISTS `kategori_sampah`;
CREATE TABLE `kategori_sampah`  (
  `id` bigint UNSIGNED NOT NULL AUTO_INCREMENT,
  `nama_kategori_sampah` varchar(255) CHARACTER SET utf8mb4 COLLATE utf8mb4_unicode_ci NOT NULL,
  `created_at` timestamp NULL DEFAULT NULL,
  `updated_at` timestamp NULL DEFAULT NULL,
  PRIMARY KEY (`id`) USING BTREE
) ENGINE = InnoDB AUTO_INCREMENT = 5 CHARACTER SET = utf8mb4 COLLATE = utf8mb4_unicode_ci ROW_FORMAT = DYNAMIC;

-- ----------------------------
-- Records of kategori_sampah
-- ----------------------------
INSERT INTO `kategori_sampah` VALUES (1, 'Kaca', NULL, NULL);
INSERT INTO `kategori_sampah` VALUES (2, 'Plastik', NULL, NULL);
INSERT INTO `kategori_sampah` VALUES (3, 'Kertas', NULL, NULL);
INSERT INTO `kategori_sampah` VALUES (4, 'Campur', NULL, NULL);

-- ----------------------------
-- Table structure for migrations
-- ----------------------------
DROP TABLE IF EXISTS `migrations`;
CREATE TABLE `migrations`  (
  `id` int UNSIGNED NOT NULL AUTO_INCREMENT,
  `migration` varchar(255) CHARACTER SET utf8mb4 COLLATE utf8mb4_unicode_ci NOT NULL,
  `batch` int NOT NULL,
  PRIMARY KEY (`id`) USING BTREE
) ENGINE = InnoDB AUTO_INCREMENT = 23 CHARACTER SET = utf8mb4 COLLATE = utf8mb4_unicode_ci ROW_FORMAT = DYNAMIC;

-- ----------------------------
-- Records of migrations
-- ----------------------------
INSERT INTO `migrations` VALUES (8, '2024_06_26_081652_create_saldo_nasabah_table', 1);
INSERT INTO `migrations` VALUES (12, '2024_06_26_081756_create_penarikan_nasabah_table', 1);
INSERT INTO `migrations` VALUES (13, '2014_10_12_000000_create_users_table', 2);
INSERT INTO `migrations` VALUES (14, '2014_10_12_100000_create_password_reset_tokens_table', 2);
INSERT INTO `migrations` VALUES (15, '2019_08_19_000000_create_failed_jobs_table', 2);
INSERT INTO `migrations` VALUES (16, '2019_12_14_000001_create_personal_access_tokens_table', 2);
INSERT INTO `migrations` VALUES (17, '2024_06_26_081407_create_nasabah_table', 2);
INSERT INTO `migrations` VALUES (18, '2024_06_26_081510_create_sampah_table', 2);
INSERT INTO `migrations` VALUES (19, '2024_06_26_081521_create_kategori_sampah_table', 2);
INSERT INTO `migrations` VALUES (20, '2024_06_26_081706_create_transaksi_table', 2);
INSERT INTO `migrations` VALUES (21, '2024_06_26_081721_create_detail_transaksi_table', 2);
INSERT INTO `migrations` VALUES (22, '2024_06_26_081740_create_detail_saldo_nasabah_table', 2);

-- ----------------------------
-- Table structure for nasabah
-- ----------------------------
DROP TABLE IF EXISTS `nasabah`;
CREATE TABLE `nasabah`  (
  `id` bigint UNSIGNED NOT NULL AUTO_INCREMENT,
  `nama` varchar(255) CHARACTER SET utf8mb4 COLLATE utf8mb4_unicode_ci NOT NULL,
  `alamat` text CHARACTER SET utf8mb4 COLLATE utf8mb4_unicode_ci NOT NULL,
  `saldo` int NOT NULL,
  `created_at` timestamp NULL DEFAULT NULL,
  `updated_at` timestamp NULL DEFAULT NULL,
  PRIMARY KEY (`id`) USING BTREE
) ENGINE = InnoDB AUTO_INCREMENT = 256 CHARACTER SET = utf8mb4 COLLATE = utf8mb4_unicode_ci ROW_FORMAT = DYNAMIC;

-- ----------------------------
-- Records of nasabah
-- ----------------------------
INSERT INTO `nasabah` VALUES (1, 'Yasak', 'PBI BLOK EC 03', 53480, NULL, NULL);
INSERT INTO `nasabah` VALUES (2, 'Yayuk', 'PBI BLOK DY 18', 93500, NULL, NULL);
INSERT INTO `nasabah` VALUES (3, 'Reza', 'PBI BLOK DV 06', 43400, NULL, NULL);
INSERT INTO `nasabah` VALUES (4, 'Koni', 'PBI BLOK DY 06', 89600, NULL, NULL);
INSERT INTO `nasabah` VALUES (5, 'Vita', 'PBI BLOK DV 03', 17700, NULL, NULL);
INSERT INTO `nasabah` VALUES (6, 'Imron', 'PBI BLOK DY 06', 52500, NULL, NULL);
INSERT INTO `nasabah` VALUES (7, 'Suti', 'PBI BLOK DY 06', 48000, NULL, NULL);
INSERT INTO `nasabah` VALUES (8, 'Yulianto', 'PBI BLOK DY 10', 82800, NULL, NULL);
INSERT INTO `nasabah` VALUES (9, 'Puji', 'PBI BLOK DW 04', 43900, NULL, NULL);
INSERT INTO `nasabah` VALUES (10, 'Yunita', 'PBI BLOK DX 02', 47300, NULL, NULL);
INSERT INTO `nasabah` VALUES (11, 'Dodi', 'PBI BLOK DY 11', 22100, NULL, NULL);
INSERT INTO `nasabah` VALUES (12, 'Hasibuan', 'PBI BLOK DZ 04', 38300, NULL, NULL);
INSERT INTO `nasabah` VALUES (13, 'Sunar', 'PBI BLOK DY 01', 26600, NULL, NULL);
INSERT INTO `nasabah` VALUES (14, 'Roni ', 'PBI BLOK DZ 06', 59800, NULL, NULL);
INSERT INTO `nasabah` VALUES (15, 'andriwati', 'PBI BLOK DY 10', 77200, NULL, NULL);
INSERT INTO `nasabah` VALUES (16, 'mahfud', 'PBI BLIK DY 16', 47700, NULL, NULL);
INSERT INTO `nasabah` VALUES (17, 'arif', 'PBI BLOK DY 10', 43200, NULL, NULL);
INSERT INTO `nasabah` VALUES (18, 'andre', 'PBI BLOK DW 03', 41600, NULL, NULL);
INSERT INTO `nasabah` VALUES (19, 'choirul', 'PBI BLOK DW 07', 56800, NULL, NULL);
INSERT INTO `nasabah` VALUES (20, 'kusyanto', 'PBI BLOK ED 03', 49400, NULL, NULL);
INSERT INTO `nasabah` VALUES (21, 'haris', 'PBI BLOK DZ 02', 57100, NULL, NULL);
INSERT INTO `nasabah` VALUES (22, 'eko', 'PBI BLOK DY 17', 4130, NULL, NULL);
INSERT INTO `nasabah` VALUES (23, 'rizal', 'PBI BLOK DV 06', 22400, NULL, NULL);
INSERT INTO `nasabah` VALUES (24, 'hasanah', 'PBI BLOK DW 07', 81700, NULL, NULL);
INSERT INTO `nasabah` VALUES (25, 'petrus', 'PBI BLOK DX 04', 48500, NULL, NULL);
INSERT INTO `nasabah` VALUES (26, 'narto', 'PBI BLOK DZ 05', 48600, NULL, NULL);
INSERT INTO `nasabah` VALUES (27, 'anggun', 'PBI BLOK DZ 06', 22400, NULL, NULL);
INSERT INTO `nasabah` VALUES (28, 'pendi', 'PBI BLOK DV 03', 87760, NULL, NULL);
INSERT INTO `nasabah` VALUES (29, 'bakir', 'PBI BLOK DY 12', 64900, NULL, NULL);
INSERT INTO `nasabah` VALUES (30, 'krismanto', 'PBI BLOK DX 05', 51000, NULL, NULL);
INSERT INTO `nasabah` VALUES (31, 'pri', 'PBI BLOK DY 14', 11500, NULL, NULL);
INSERT INTO `nasabah` VALUES (32, 'soleh', 'PBI BLOK DV 07', 42900, NULL, NULL);
INSERT INTO `nasabah` VALUES (33, 'hari', 'PBI BLOK DX 01', 44000, NULL, NULL);
INSERT INTO `nasabah` VALUES (34, 'galuh', 'PBI BLOK EC 06', 20000, NULL, NULL);
INSERT INTO `nasabah` VALUES (35, 'miang', 'PBI BLOK DY 09', 45000, NULL, NULL);

-- ----------------------------
-- Table structure for password_reset_tokens
-- ----------------------------
DROP TABLE IF EXISTS `password_reset_tokens`;
CREATE TABLE `password_reset_tokens`  (
  `email` varchar(255) CHARACTER SET utf8mb4 COLLATE utf8mb4_unicode_ci NOT NULL,
  `token` varchar(255) CHARACTER SET utf8mb4 COLLATE utf8mb4_unicode_ci NOT NULL,
  `created_at` timestamp NULL DEFAULT NULL,
  PRIMARY KEY (`email`) USING BTREE
) ENGINE = InnoDB CHARACTER SET = utf8mb4 COLLATE = utf8mb4_unicode_ci ROW_FORMAT = DYNAMIC;

-- ----------------------------
-- Records of password_reset_tokens
-- ----------------------------

-- ----------------------------
-- Table structure for penarikan_nasabah
-- ----------------------------
DROP TABLE IF EXISTS `penarikan_nasabah`;
CREATE TABLE `penarikan_nasabah`  (
  `id` bigint UNSIGNED NOT NULL AUTO_INCREMENT,
  `id_nasabah` bigint UNSIGNED NOT NULL,
  `nominal` int NOT NULL,
  `tanggal_penarikan` date NOT NULL,
  `status_penarikan` varchar(255) CHARACTER SET utf8mb4 COLLATE utf8mb4_unicode_ci NOT NULL,
  `created_at` timestamp NULL DEFAULT NULL,
  `updated_at` timestamp NULL DEFAULT NULL,
  PRIMARY KEY (`id`) USING BTREE
) ENGINE = InnoDB CHARACTER SET = utf8mb4 COLLATE = utf8mb4_unicode_ci ROW_FORMAT = DYNAMIC;

-- ----------------------------
-- Records of penarikan_nasabah
-- ----------------------------

-- ----------------------------
-- Table structure for personal_access_tokens
-- ----------------------------
DROP TABLE IF EXISTS `personal_access_tokens`;
CREATE TABLE `personal_access_tokens`  (
  `id` bigint UNSIGNED NOT NULL AUTO_INCREMENT,
  `tokenable_type` varchar(255) CHARACTER SET utf8mb4 COLLATE utf8mb4_unicode_ci NOT NULL,
  `tokenable_id` bigint UNSIGNED NOT NULL,
  `name` varchar(255) CHARACTER SET utf8mb4 COLLATE utf8mb4_unicode_ci NOT NULL,
  `token` varchar(64) CHARACTER SET utf8mb4 COLLATE utf8mb4_unicode_ci NOT NULL,
  `abilities` text CHARACTER SET utf8mb4 COLLATE utf8mb4_unicode_ci NULL,
  `last_used_at` timestamp NULL DEFAULT NULL,
  `expires_at` timestamp NULL DEFAULT NULL,
  `created_at` timestamp NULL DEFAULT NULL,
  `updated_at` timestamp NULL DEFAULT NULL,
  PRIMARY KEY (`id`) USING BTREE,
  UNIQUE INDEX `personal_access_tokens_token_unique`(`token` ASC) USING BTREE,
  INDEX `personal_access_tokens_tokenable_type_tokenable_id_index`(`tokenable_type` ASC, `tokenable_id` ASC) USING BTREE
) ENGINE = InnoDB CHARACTER SET = utf8mb4 COLLATE = utf8mb4_unicode_ci ROW_FORMAT = DYNAMIC;

-- ----------------------------
-- Records of personal_access_tokens
-- ----------------------------

-- ----------------------------
-- Table structure for sampah
-- ----------------------------
DROP TABLE IF EXISTS `sampah`;
CREATE TABLE `sampah`  (
  `id` bigint UNSIGNED NOT NULL AUTO_INCREMENT,
  `id_kategori_sampah` bigint UNSIGNED NOT NULL,
  `sampah` varchar(255) CHARACTER SET utf8mb4 COLLATE utf8mb4_unicode_ci NOT NULL,
  `satuan` varchar(255) CHARACTER SET utf8mb4 COLLATE utf8mb4_unicode_ci NOT NULL,
  `harga_satuan` int NOT NULL,
  `created_at` timestamp NULL DEFAULT NULL,
  `updated_at` timestamp NULL DEFAULT NULL,
  PRIMARY KEY (`id`) USING BTREE
) ENGINE = InnoDB AUTO_INCREMENT = 256 CHARACTER SET = utf8mb4 COLLATE = utf8mb4_unicode_ci ROW_FORMAT = DYNAMIC;

-- ----------------------------
-- Records of sampah
-- ----------------------------
INSERT INTO `sampah` VALUES (1, 3, 'Duplex ', 'kg', 1000, NULL, NULL);
INSERT INTO `sampah` VALUES (2, 2, 'Gelas Mineral ', 'kg', 800, NULL, NULL);
INSERT INTO `sampah` VALUES (3, 2, 'Botol Galon ', 'kg', 800, NULL, NULL);
INSERT INTO `sampah` VALUES (4, 3, 'Kardus', 'kg', 1000, NULL, NULL);
INSERT INTO `sampah` VALUES (5, 4, 'Mejikom Bekas', 'kg', 300, NULL, NULL);
INSERT INTO `sampah` VALUES (6, 1, 'Botol Kecap', 'kg', 100, NULL, NULL);
INSERT INTO `sampah` VALUES (7, 3, 'Buku', 'kg', 1000, NULL, NULL);
INSERT INTO `sampah` VALUES (8, 2, 'Botol Mineral', 'kg', 800, NULL, NULL);
INSERT INTO `sampah` VALUES (9, 3, 'Koran', 'kg', 1000, NULL, NULL);
INSERT INTO `sampah` VALUES (10, 1, 'Gelas Bekas', 'kg', 100, NULL, NULL);
INSERT INTO `sampah` VALUES (11, 3, 'Kardus Bekas', 'kg', 1000, NULL, NULL);
INSERT INTO `sampah` VALUES (12, 2, 'Gelas Aqua', 'kg', 800, NULL, NULL);
INSERT INTO `sampah` VALUES (13, 4, 'Kain Bekas', 'kg', 300, NULL, NULL);
INSERT INTO `sampah` VALUES (14, 4, ' Kain Bekas', 'kg', 300, NULL, NULL);
INSERT INTO `sampah` VALUES (15, 4, 'Setrikaan', 'kg', 300, NULL, NULL);
INSERT INTO `sampah` VALUES (16, 1, 'Botol Minuman', 'kg', 100, NULL, NULL);
INSERT INTO `sampah` VALUES (17, 2, 'Baskom', 'kg', 800, NULL, NULL);
INSERT INTO `sampah` VALUES (18, 3, 'Majalah', 'kg', 1000, NULL, NULL);
INSERT INTO `sampah` VALUES (19, 2, 'Galon Air', 'kg', 800, NULL, NULL);
INSERT INTO `sampah` VALUES (20, 4, 'Minyak Goreng Bekas', 'kg', 300, NULL, NULL);
INSERT INTO `sampah` VALUES (21, 4, 'Gembos', 'kg', 300, NULL, NULL);
INSERT INTO `sampah` VALUES (22, 2, 'Galon Mineral', 'kg', 800, NULL, NULL);
INSERT INTO `sampah` VALUES (23, 2, 'Keresek', 'kg', 800, NULL, NULL);
INSERT INTO `sampah` VALUES (24, 4, 'Ban Bekas', 'kg', 300, NULL, NULL);
INSERT INTO `sampah` VALUES (25, 2, 'Plastik Es', 'kg', 800, NULL, NULL);
INSERT INTO `sampah` VALUES (26, 2, 'Sedotan', 'kg', 800, NULL, NULL);
INSERT INTO `sampah` VALUES (27, 2, 'Galon', 'kg', 800, NULL, NULL);
INSERT INTO `sampah` VALUES (28, 2, 'Botol Aqua', 'kg', 800, NULL, NULL);
INSERT INTO `sampah` VALUES (29, 3, 'Duplex ', 'kg', 100, NULL, NULL);
INSERT INTO `sampah` VALUES (30, 3, 'Buku Tulis', 'kg', 1000, NULL, NULL);
INSERT INTO `sampah` VALUES (31, 4, 'Tripleks', 'kg', 300, NULL, NULL);
INSERT INTO `sampah` VALUES (32, 4, 'Tripleks', 'kg', 800, NULL, NULL);
INSERT INTO `sampah` VALUES (33, 1, 'Cermin', 'kg', 100, NULL, NULL);
INSERT INTO `sampah` VALUES (34, 3, 'Kardus mineral', 'kg', 1000, NULL, NULL);
INSERT INTO `sampah` VALUES (35, 4, 'Mainan Anak', 'kg', 300, NULL, NULL);
INSERT INTO `sampah` VALUES (36, 3, 'Buku Baca', 'kg', 1000, NULL, NULL);
INSERT INTO `sampah` VALUES (37, 1, 'Piring Bekas', 'kg', 100, NULL, NULL);
INSERT INTO `sampah` VALUES (38, 2, 'Plastik Bening', 'kg', 800, NULL, NULL);
INSERT INTO `sampah` VALUES (39, 4, 'Paralon', 'kg', 100, NULL, NULL);
INSERT INTO `sampah` VALUES (40, 2, 'Ember', 'kg', 800, NULL, NULL);
INSERT INTO `sampah` VALUES (41, 4, 'Kabel Bekas', 'kg', 300, NULL, NULL);
INSERT INTO `sampah` VALUES (42, 3, 'Buku Bekas', 'kg', 1000, NULL, NULL);
INSERT INTO `sampah` VALUES (43, 2, 'Botol Bekas', 'kg', 800, NULL, NULL);
INSERT INTO `sampah` VALUES (44, 2, 'Kresek', 'kg', 800, NULL, NULL);
INSERT INTO `sampah` VALUES (45, 4, 'Sterofoam', 'kg', 300, NULL, NULL);
INSERT INTO `sampah` VALUES (46, 2, 'Kresek ', 'kg', 800, NULL, NULL);
INSERT INTO `sampah` VALUES (47, 4, 'Minyak Goreng Bekas', 'kg', 1000, NULL, NULL);
INSERT INTO `sampah` VALUES (48, 2, 'Galon ', 'kg', 800, NULL, NULL);
INSERT INTO `sampah` VALUES (49, 4, 'karung ', 'kg', 300, NULL, NULL);
INSERT INTO `sampah` VALUES (50, 4, 'meja ', 'kg', 300, NULL, NULL);
INSERT INTO `sampah` VALUES (51, 1, 'toples kaca', 'kg', 100, NULL, NULL);
INSERT INTO `sampah` VALUES (52, 4, 'kayu balok', 'kg', 300, NULL, NULL);
INSERT INTO `sampah` VALUES (53, 2, 'plastik campur', 'kg', 800, NULL, NULL);
INSERT INTO `sampah` VALUES (54, 4, 'kaleng bekas', 'kg', 300, NULL, NULL);
INSERT INTO `sampah` VALUES (55, 4, 'sandal sepatu', 'kg', 300, NULL, NULL);
INSERT INTO `sampah` VALUES (56, 4, 'baju bekas', 'kg', 300, NULL, NULL);
INSERT INTO `sampah` VALUES (57, 3, 'Bukuanak', 'kg', 1000, NULL, NULL);
INSERT INTO `sampah` VALUES (58, 2, 'plastik keresek', 'kg', 800, NULL, NULL);
INSERT INTO `sampah` VALUES (59, 4, 'tv bekas', 'kg', 300, NULL, NULL);
INSERT INTO `sampah` VALUES (60, 4, 'Paralon', 'kg', 300, NULL, NULL);
INSERT INTO `sampah` VALUES (61, 2, 'toples plastik', 'kg', 800, NULL, NULL);
INSERT INTO `sampah` VALUES (62, 1, 'spion', 'kg', 100, NULL, NULL);
INSERT INTO `sampah` VALUES (63, 2, 'Plastik campur', 'kg', 800, NULL, NULL);
INSERT INTO `sampah` VALUES (64, 4, 'kompor bekas', 'kg', 300, NULL, NULL);
INSERT INTO `sampah` VALUES (65, 3, 'Koran ', 'kg', 1000, NULL, NULL);
INSERT INTO `sampah` VALUES (66, 4, 'sendal dan sepatu bekas', 'kg', 300, NULL, NULL);
INSERT INTO `sampah` VALUES (67, 3, 'kertas campur', 'kg', 1000, NULL, NULL);
INSERT INTO `sampah` VALUES (68, 4, 'gas bekas', 'kg', 300, NULL, NULL);
INSERT INTO `sampah` VALUES (69, 4, 'ban dalam sepedah', 'kg', 300, NULL, NULL);
INSERT INTO `sampah` VALUES (70, 1, 'panci', 'kg', 100, NULL, NULL);
INSERT INTO `sampah` VALUES (71, 3, 'Bukusekolah', 'kg', 1000, NULL, NULL);
INSERT INTO `sampah` VALUES (72, 4, 'tas ', 'kg', 300, NULL, NULL);
INSERT INTO `sampah` VALUES (73, 1, 'tutup panci kaca', 'kg', 100, NULL, NULL);
INSERT INTO `sampah` VALUES (74, 4, 'kain bekas', 'kg', 800, NULL, NULL);
INSERT INTO `sampah` VALUES (75, 4, 'minyak goreng', 'kg', 300, NULL, NULL);
INSERT INTO `sampah` VALUES (76, 4, 'gembus', 'kg', 300, NULL, NULL);
INSERT INTO `sampah` VALUES (77, 1, 'gelas', 'kg', 100, NULL, NULL);
INSERT INTO `sampah` VALUES (78, 3, 'kerdus', 'kg', 1000, NULL, NULL);
INSERT INTO `sampah` VALUES (79, 4, 'panci bekas', 'kg', 300, NULL, NULL);
INSERT INTO `sampah` VALUES (80, 4, 'lemari', 'kg', 300, NULL, NULL);
INSERT INTO `sampah` VALUES (81, 2, 'botol plastik', 'kg', 800, NULL, NULL);
INSERT INTO `sampah` VALUES (82, 2, 'platik es', 'kg', 800, NULL, NULL);
INSERT INTO `sampah` VALUES (83, 4, 'gembos', 'kg', 100, NULL, NULL);
INSERT INTO `sampah` VALUES (84, 4, 'seng', 'kg', 300, NULL, NULL);
INSERT INTO `sampah` VALUES (85, 2, 'botol ', 'kg', 800, NULL, NULL);
INSERT INTO `sampah` VALUES (86, 3, 'duplx', 'kg', 1000, NULL, NULL);
INSERT INTO `sampah` VALUES (87, 2, 'bak bekas', 'kg', 800, NULL, NULL);
INSERT INTO `sampah` VALUES (88, 4, 'sepatu bekas', 'kg', 300, NULL, NULL);
INSERT INTO `sampah` VALUES (89, 4, 'tas bekas', 'kg', 300, NULL, NULL);
INSERT INTO `sampah` VALUES (90, 1, 'botol saus', 'kg', 100, NULL, NULL);
INSERT INTO `sampah` VALUES (91, 2, 'bening', 'kg', 800, NULL, NULL);
INSERT INTO `sampah` VALUES (92, 1, 'toples', 'kg', 100, NULL, NULL);
INSERT INTO `sampah` VALUES (93, 1, 'kaca spion', 'kg', 100, NULL, NULL);
INSERT INTO `sampah` VALUES (94, 4, 'kaleng', 'kg', 300, NULL, NULL);
INSERT INTO `sampah` VALUES (95, 4, 'almini', 'kg', 300, NULL, NULL);
INSERT INTO `sampah` VALUES (96, 4, 'gas bekas', 'kg', 800, NULL, NULL);
INSERT INTO `sampah` VALUES (97, 2, 'bootol mineral', 'kg', 800, NULL, NULL);
INSERT INTO `sampah` VALUES (98, 2, 'gelas mineral', 'kg', 800, NULL, NULL);
INSERT INTO `sampah` VALUES (99, 4, 'ban dalam', 'kg', 300, NULL, NULL);
INSERT INTO `sampah` VALUES (100, 2, 'Galon bekas', 'kg', 800, NULL, NULL);
INSERT INTO `sampah` VALUES (101, 4, 'meja kecil', 'kg', 300, NULL, NULL);
INSERT INTO `sampah` VALUES (102, 4, 'baju bekas ', 'kg', 300, NULL, NULL);
INSERT INTO `sampah` VALUES (103, 2, 'gelas plastik', 'kg', 800, NULL, NULL);
INSERT INTO `sampah` VALUES (104, 1, 'gelas ', 'kg', 100, NULL, NULL);
INSERT INTO `sampah` VALUES (105, 2, 'palstik es', 'kg', 800, NULL, NULL);
INSERT INTO `sampah` VALUES (106, 4, 'karung goni', 'kg', 300, NULL, NULL);
INSERT INTO `sampah` VALUES (107, 1, 'mangkok piring ', 'kg', 100, NULL, NULL);
INSERT INTO `sampah` VALUES (108, 4, 'besi ', 'kg', 300, NULL, NULL);
INSERT INTO `sampah` VALUES (109, 4, 'alat dapur', 'kg', 300, NULL, NULL);
INSERT INTO `sampah` VALUES (110, 1, 'piring dan mangkok bekas', 'kg', 100, NULL, NULL);
INSERT INTO `sampah` VALUES (111, 4, 'kabel', 'kg', 300, NULL, NULL);
INSERT INTO `sampah` VALUES (112, 3, 'karton', 'kg', 1000, NULL, NULL);
INSERT INTO `sampah` VALUES (113, 4, 'kursi', 'kg', 300, NULL, NULL);
INSERT INTO `sampah` VALUES (114, 1, 'botol kaca', 'kg', 100, NULL, NULL);
INSERT INTO `sampah` VALUES (115, 0, 'Bukusekolah', 'kg', 1000, NULL, NULL);
INSERT INTO `sampah` VALUES (116, 4, 'meja', 'kg', 300, NULL, NULL);
INSERT INTO `sampah` VALUES (117, 1, 'botol beer', 'kg', 100, NULL, NULL);
INSERT INTO `sampah` VALUES (118, 3, 'duplex', 'kg', 1000, NULL, NULL);
INSERT INTO `sampah` VALUES (119, 2, 'plastik mika', 'kg', 800, NULL, NULL);
INSERT INTO `sampah` VALUES (120, 1, 'botol sirup', 'kg', 100, NULL, NULL);
INSERT INTO `sampah` VALUES (121, 4, 'benner', 'kg', 300, NULL, NULL);
INSERT INTO `sampah` VALUES (122, 1, 'pecah beling', 'kg', 100, NULL, NULL);
INSERT INTO `sampah` VALUES (123, 1, 'gelas kaca', 'kg', 100, NULL, NULL);
INSERT INTO `sampah` VALUES (124, 4, 'kaset ', 'kg', 300, NULL, NULL);
INSERT INTO `sampah` VALUES (125, 3, 'hvs', 'kg', 1000, NULL, NULL);
INSERT INTO `sampah` VALUES (126, 2, 'plastik aqua ', 'kg', 800, NULL, NULL);
INSERT INTO `sampah` VALUES (127, 4, 'kipas angin bekas', 'kg', 300, NULL, NULL);
INSERT INTO `sampah` VALUES (128, 1, 'botol sosro', 'kg', 100, NULL, NULL);
INSERT INTO `sampah` VALUES (129, 1, 'Botol Bekas ', 'kg', 100, NULL, NULL);
INSERT INTO `sampah` VALUES (130, 2, 'wadah plastik', 'kg', 800, NULL, NULL);
INSERT INTO `sampah` VALUES (131, 4, 'perabotan bekas', 'kg', 300, NULL, NULL);
INSERT INTO `sampah` VALUES (132, 4, 'Gelas Bekas ', 'kg', 300, NULL, NULL);
INSERT INTO `sampah` VALUES (133, 3, 'piring plastik', 'kg', 1000, NULL, NULL);
INSERT INTO `sampah` VALUES (134, 1, 'Gelas Bekas ', 'kg', 100, NULL, NULL);
INSERT INTO `sampah` VALUES (135, 2, 'piring plastik', 'kg', 800, NULL, NULL);
INSERT INTO `sampah` VALUES (136, 4, 'kulkas', 'kg', 300, NULL, NULL);
INSERT INTO `sampah` VALUES (137, 4, 'lemari ', 'kg', 300, NULL, NULL);
INSERT INTO `sampah` VALUES (138, 2, 'aqua gelas ', 'kg', 800, NULL, NULL);
INSERT INTO `sampah` VALUES (139, 1, 'botol kecap ', 'kg', 100, NULL, NULL);
INSERT INTO `sampah` VALUES (140, 2, ' Botol Aqua', 'kg', 800, NULL, NULL);
INSERT INTO `sampah` VALUES (141, 1, 'kipas angin bekas', 'kg', 100, NULL, NULL);
INSERT INTO `sampah` VALUES (142, 1, 'gelas blander', 'kg', 100, NULL, NULL);
INSERT INTO `sampah` VALUES (143, 1, 'pirinhg ', 'kg', 100, NULL, NULL);
INSERT INTO `sampah` VALUES (144, 2, 'kursi plastik', 'kg', 800, NULL, NULL);
INSERT INTO `sampah` VALUES (145, 2, 'plastik jajan', 'kg', 800, NULL, NULL);
INSERT INTO `sampah` VALUES (146, 2, 'aqua botol', 'kg', 800, NULL, NULL);
INSERT INTO `sampah` VALUES (147, 2, 'aqua gelas', 'kg', 800, NULL, NULL);
INSERT INTO `sampah` VALUES (148, 4, 'kursi plastik', 'kg', 300, NULL, NULL);
INSERT INTO `sampah` VALUES (149, 4, 'kasur bekas', 'kg', 300, NULL, NULL);
INSERT INTO `sampah` VALUES (150, 2, 'tempat makanan', 'kg', 800, NULL, NULL);
INSERT INTO `sampah` VALUES (151, 1, 'pecahan cermin', 'kg', 100, NULL, NULL);
INSERT INTO `sampah` VALUES (152, 2, 'Baskom plastik bekas', 'kg', 800, NULL, NULL);
INSERT INTO `sampah` VALUES (153, 1, 'Cerminbekas', 'kg', 100, NULL, NULL);
INSERT INTO `sampah` VALUES (154, 2, 'aqua Galon', 'kg', 800, NULL, NULL);
INSERT INTO `sampah` VALUES (155, 2, 'tempat minum plastik', 'kg', 800, NULL, NULL);
INSERT INTO `sampah` VALUES (156, 2, 'piring plastik bekas', 'kg', 800, NULL, NULL);
INSERT INTO `sampah` VALUES (157, 2, 'Galon aqua', 'kg', 800, NULL, NULL);
INSERT INTO `sampah` VALUES (158, 2, 'tepak makan', 'kg', 800, NULL, NULL);
INSERT INTO `sampah` VALUES (159, 2, 'botol saus plastik', 'kg', 800, NULL, NULL);
INSERT INTO `sampah` VALUES (160, 4, 'kursi bekas', 'kg', 300, NULL, NULL);
INSERT INTO `sampah` VALUES (161, 1, 'botol saus kaca', 'kg', 100, NULL, NULL);
INSERT INTO `sampah` VALUES (162, 4, 'karpet bekas', 'kg', 300, NULL, NULL);
INSERT INTO `sampah` VALUES (163, 2, 'Botol Plastic', 'kg', 800, NULL, NULL);
INSERT INTO `sampah` VALUES (164, 4, 'Lampu', 'kg', 300, NULL, NULL);
INSERT INTO `sampah` VALUES (165, 1, 'Piring', 'kg', 100, NULL, NULL);
INSERT INTO `sampah` VALUES (166, 3, 'Buku Tulis ', 'kg', 1000, NULL, NULL);
INSERT INTO `sampah` VALUES (167, 4, 'Kursi Platic', 'kg', 300, NULL, NULL);
INSERT INTO `sampah` VALUES (168, 4, 'Baju', 'kg', 300, NULL, NULL);
INSERT INTO `sampah` VALUES (169, 3, 'Bungkus Makanan', 'kg', 1000, NULL, NULL);
INSERT INTO `sampah` VALUES (170, 4, 'Boneka', 'kg', 300, NULL, NULL);
INSERT INTO `sampah` VALUES (171, 3, 'Buku Bekas ', 'kg', 1000, NULL, NULL);
INSERT INTO `sampah` VALUES (172, 2, 'Botol Bir ', 'kg', 800, NULL, NULL);
INSERT INTO `sampah` VALUES (173, 4, 'Dipan Kasur', 'kg', 300, NULL, NULL);
INSERT INTO `sampah` VALUES (174, 4, 'Baju ', 'kg', 300, NULL, NULL);
INSERT INTO `sampah` VALUES (175, 1, 'Lampu', 'kg', 100, NULL, NULL);
INSERT INTO `sampah` VALUES (176, 2, 'Bungkus rinso ', 'kg', 800, NULL, NULL);
INSERT INTO `sampah` VALUES (177, 2, 'Botol Air mineral ', 'kg', 800, NULL, NULL);
INSERT INTO `sampah` VALUES (178, 1, 'Vas Bunga ', 'kg', 100, NULL, NULL);
INSERT INTO `sampah` VALUES (179, 2, 'Sterofoam', 'kg', 800, NULL, NULL);
INSERT INTO `sampah` VALUES (180, 2, 'Mika Makanan ', 'kg', 800, NULL, NULL);
INSERT INTO `sampah` VALUES (181, 1, 'Gelas blender ', 'kg', 100, NULL, NULL);
INSERT INTO `sampah` VALUES (182, 2, 'Bubble wrap', 'kg', 800, NULL, NULL);
INSERT INTO `sampah` VALUES (183, 4, 'Kasur', 'kg', 300, NULL, NULL);
INSERT INTO `sampah` VALUES (184, 2, 'Piring Makanan Sekali pakai', 'kg', 800, NULL, NULL);
INSERT INTO `sampah` VALUES (185, 3, 'Bukupelajaran ', 'kg', 1000, NULL, NULL);
INSERT INTO `sampah` VALUES (186, 2, 'bungkus snack ', 'kg', 800, NULL, NULL);
INSERT INTO `sampah` VALUES (187, 1, 'barang pecah belah', 'kg', 100, NULL, NULL);
INSERT INTO `sampah` VALUES (188, 4, 'kabel ', 'kg', 300, NULL, NULL);
INSERT INTO `sampah` VALUES (189, 2, 'cup esteh ', 'kg', 800, NULL, NULL);
INSERT INTO `sampah` VALUES (190, 4, 'spanduk ', 'kg', 300, NULL, NULL);
INSERT INTO `sampah` VALUES (191, 3, 'kerdus ', 'kg', 1000, NULL, NULL);
INSERT INTO `sampah` VALUES (192, 4, 'sepatu', 'kg', 300, NULL, NULL);
INSERT INTO `sampah` VALUES (193, 4, 'sandal', 'kg', 300, NULL, NULL);
INSERT INTO `sampah` VALUES (194, 4, 'tikar', 'kg', 300, NULL, NULL);
INSERT INTO `sampah` VALUES (195, 1, 'Botol Bir ', 'kg', 100, NULL, NULL);
INSERT INTO `sampah` VALUES (196, 2, 'gelas sekali pakai', 'kg', 800, NULL, NULL);
INSERT INTO `sampah` VALUES (197, 2, 'bunga hias', 'kg', 800, NULL, NULL);
INSERT INTO `sampah` VALUES (198, 1, 'gelas belender', 'kg', 100, NULL, NULL);
INSERT INTO `sampah` VALUES (199, 4, 'besi', 'kg', 300, NULL, NULL);
INSERT INTO `sampah` VALUES (200, 2, 'sendok plastik', 'kg', 800, NULL, NULL);
INSERT INTO `sampah` VALUES (201, 2, 'bungkus snack', 'kg', 800, NULL, NULL);
INSERT INTO `sampah` VALUES (202, 3, 'papper bag', 'kg', 1000, NULL, NULL);
INSERT INTO `sampah` VALUES (203, 2, 'botol air mineral', 'kg', 800, NULL, NULL);
INSERT INTO `sampah` VALUES (204, 3, 'kertas minyak', 'kg', 1000, NULL, NULL);
INSERT INTO `sampah` VALUES (205, 4, 'dipan', 'kg', 300, NULL, NULL);
INSERT INTO `sampah` VALUES (206, 3, 'bungkus semen', 'kg', 1000, NULL, NULL);
INSERT INTO `sampah` VALUES (207, 1, 'spion bekas', 'kg', 100, NULL, NULL);
INSERT INTO `sampah` VALUES (208, 2, 'bungkus mika', 'kg', 800, NULL, NULL);
INSERT INTO `sampah` VALUES (209, 1, 'piring ', 'kg', 100, NULL, NULL);
INSERT INTO `sampah` VALUES (210, 1, 'vas', 'kg', 100, NULL, NULL);
INSERT INTO `sampah` VALUES (211, 3, 'kertas bungkus', 'kg', 1000, NULL, NULL);
INSERT INTO `sampah` VALUES (212, 4, 'asbes ', 'kg', 300, NULL, NULL);
INSERT INTO `sampah` VALUES (213, 2, 'bungkus minyak', 'kg', 800, NULL, NULL);
INSERT INTO `sampah` VALUES (214, 4, 'spanduk', 'kg', 300, NULL, NULL);
INSERT INTO `sampah` VALUES (215, 1, 'kaca etalase', 'kg', 100, NULL, NULL);
INSERT INTO `sampah` VALUES (216, 2, 'cup ', 'kg', 800, NULL, NULL);
INSERT INTO `sampah` VALUES (217, 4, 'asbak', 'kg', 300, NULL, NULL);
INSERT INTO `sampah` VALUES (218, 1, 'mangkok ', 'kg', 100, NULL, NULL);
INSERT INTO `sampah` VALUES (219, 3, 'kertas sampul', 'kg', 1000, NULL, NULL);
INSERT INTO `sampah` VALUES (220, 1, 'botol saos', 'kg', 100, NULL, NULL);
INSERT INTO `sampah` VALUES (221, 2, 'sampul plastik buku', 'kg', 800, NULL, NULL);
INSERT INTO `sampah` VALUES (222, 2, 'jendela', 'kg', 800, NULL, NULL);
INSERT INTO `sampah` VALUES (223, 3, 'kertas kado', 'kg', 1000, NULL, NULL);
INSERT INTO `sampah` VALUES (224, 2, 'map', 'kg', 800, NULL, NULL);
INSERT INTO `sampah` VALUES (225, 4, 'tisu', 'kg', 300, NULL, NULL);
INSERT INTO `sampah` VALUES (226, 4, 'genteng', 'kg', 300, NULL, NULL);
INSERT INTO `sampah` VALUES (227, 4, 'kayu', 'kg', 300, NULL, NULL);
INSERT INTO `sampah` VALUES (228, 4, 'hanger', 'kg', 300, NULL, NULL);
INSERT INTO `sampah` VALUES (229, 2, 'mika', 'kg', 800, NULL, NULL);
INSERT INTO `sampah` VALUES (230, 3, 'Majalah ', 'kg', 1000, NULL, NULL);
INSERT INTO `sampah` VALUES (231, 1, 'vas bunga', 'kg', 100, NULL, NULL);
INSERT INTO `sampah` VALUES (232, 3, 'paper cup', 'kg', 1000, NULL, NULL);
INSERT INTO `sampah` VALUES (233, 4, 'keranjang buah', 'kg', 300, NULL, NULL);
INSERT INTO `sampah` VALUES (234, 2, 'cup gelas', 'kg', 800, NULL, NULL);
INSERT INTO `sampah` VALUES (235, 4, 'sepatu ', 'kg', 300, NULL, NULL);
INSERT INTO `sampah` VALUES (236, 2, 'Botol Minuman ', 'kg', 800, NULL, NULL);
INSERT INTO `sampah` VALUES (237, 2, 'lemari', 'kg', 800, NULL, NULL);
INSERT INTO `sampah` VALUES (238, 1, 'botol bir', 'kg', 100, NULL, NULL);
INSERT INTO `sampah` VALUES (239, 2, 'bungkus rinso', 'kg', 800, NULL, NULL);
INSERT INTO `sampah` VALUES (240, 4, 'asbes', 'kg', 300, NULL, NULL);
INSERT INTO `sampah` VALUES (241, 4, 'tas', 'kg', 300, NULL, NULL);
INSERT INTO `sampah` VALUES (242, 2, 'bungkus muka', 'kg', 800, NULL, NULL);
INSERT INTO `sampah` VALUES (243, 4, 'kompor', 'kg', 300, NULL, NULL);
INSERT INTO `sampah` VALUES (244, 2, 'bungkus minyak ', 'kg', 800, NULL, NULL);
INSERT INTO `sampah` VALUES (245, 2, 'kertas sampul', 'kg', 800, NULL, NULL);
INSERT INTO `sampah` VALUES (246, 1, 'botol skincare', 'kg', 100, NULL, NULL);
INSERT INTO `sampah` VALUES (247, 2, 'plastik kemasan', 'kg', 800, NULL, NULL);
INSERT INTO `sampah` VALUES (248, 4, 'banner', 'kg', 300, NULL, NULL);
INSERT INTO `sampah` VALUES (249, 2, 'toples ', 'kg', 800, NULL, NULL);
INSERT INTO `sampah` VALUES (250, 4, 'minyal goreng', 'kg', 300, NULL, NULL);
INSERT INTO `sampah` VALUES (251, 2, 'plastik aqua', 'kg', 800, NULL, NULL);
INSERT INTO `sampah` VALUES (252, 1, 'etalase', 'kg', 100, NULL, NULL);
INSERT INTO `sampah` VALUES (253, 4, 'busa', 'kg', 300, NULL, NULL);
INSERT INTO `sampah` VALUES (254, 4, 'ban ', 'kg', 300, NULL, NULL);
INSERT INTO `sampah` VALUES (255, 4, 'raket', 'kg', 300, NULL, NULL);

-- ----------------------------
-- Table structure for transaksi
-- ----------------------------
DROP TABLE IF EXISTS `transaksi`;
CREATE TABLE `transaksi`  (
  `id` bigint UNSIGNED NOT NULL AUTO_INCREMENT,
  `id_nasabah` bigint UNSIGNED NOT NULL,
  `tanggal_transaksi` datetime NOT NULL,
  `created_at` timestamp NULL DEFAULT NULL,
  `updated_at` timestamp NULL DEFAULT NULL,
  PRIMARY KEY (`id`) USING BTREE
) ENGINE = InnoDB AUTO_INCREMENT = 497 CHARACTER SET = utf8mb4 COLLATE = utf8mb4_unicode_ci ROW_FORMAT = DYNAMIC;

-- ----------------------------
-- Records of transaksi
-- ----------------------------
INSERT INTO `transaksi` VALUES (1, 1, '2021-01-01 00:00:00', NULL, NULL);
INSERT INTO `transaksi` VALUES (2, 2, '2021-01-01 00:00:00', NULL, NULL);
INSERT INTO `transaksi` VALUES (3, 3, '2021-01-01 00:00:00', NULL, NULL);
INSERT INTO `transaksi` VALUES (4, 4, '2021-01-01 00:00:00', NULL, NULL);
INSERT INTO `transaksi` VALUES (5, 5, '2021-01-01 00:00:00', NULL, NULL);
INSERT INTO `transaksi` VALUES (6, 6, '2021-01-01 00:00:00', NULL, NULL);
INSERT INTO `transaksi` VALUES (7, 7, '2021-01-01 00:00:00', NULL, NULL);
INSERT INTO `transaksi` VALUES (8, 8, '2021-01-01 00:00:00', NULL, NULL);
INSERT INTO `transaksi` VALUES (9, 9, '2021-01-01 00:00:00', NULL, NULL);
INSERT INTO `transaksi` VALUES (10, 10, '2021-01-01 00:00:00', NULL, NULL);
INSERT INTO `transaksi` VALUES (11, 11, '2021-01-01 00:00:00', NULL, NULL);
INSERT INTO `transaksi` VALUES (12, 12, '2021-01-01 00:00:00', NULL, NULL);
INSERT INTO `transaksi` VALUES (13, 13, '2021-01-01 00:00:00', NULL, NULL);
INSERT INTO `transaksi` VALUES (14, 14, '2021-01-01 00:00:00', NULL, NULL);
INSERT INTO `transaksi` VALUES (15, 15, '2021-01-01 00:00:00', NULL, NULL);
INSERT INTO `transaksi` VALUES (16, 16, '2021-01-01 00:00:00', NULL, NULL);
INSERT INTO `transaksi` VALUES (17, 17, '2021-01-01 00:00:00', NULL, NULL);
INSERT INTO `transaksi` VALUES (18, 18, '2021-01-01 00:00:00', NULL, NULL);
INSERT INTO `transaksi` VALUES (19, 19, '2021-01-01 00:00:00', NULL, NULL);
INSERT INTO `transaksi` VALUES (20, 20, '2021-01-01 00:00:00', NULL, NULL);
INSERT INTO `transaksi` VALUES (21, 21, '2021-01-01 00:00:00', NULL, NULL);
INSERT INTO `transaksi` VALUES (22, 22, '2021-01-01 00:00:00', NULL, NULL);
INSERT INTO `transaksi` VALUES (23, 23, '2021-01-01 00:00:00', NULL, NULL);
INSERT INTO `transaksi` VALUES (24, 24, '2021-01-01 00:00:00', NULL, NULL);
INSERT INTO `transaksi` VALUES (25, 25, '2021-01-01 00:00:00', NULL, NULL);
INSERT INTO `transaksi` VALUES (26, 26, '2021-01-01 00:00:00', NULL, NULL);
INSERT INTO `transaksi` VALUES (27, 27, '2021-01-01 00:00:00', NULL, NULL);
INSERT INTO `transaksi` VALUES (28, 28, '2021-01-01 00:00:00', NULL, NULL);
INSERT INTO `transaksi` VALUES (29, 29, '2021-01-01 00:00:00', NULL, NULL);
INSERT INTO `transaksi` VALUES (30, 30, '2021-01-01 00:00:00', NULL, NULL);
INSERT INTO `transaksi` VALUES (31, 31, '2021-01-01 00:00:00', NULL, NULL);
INSERT INTO `transaksi` VALUES (32, 32, '2021-01-01 00:00:00', NULL, NULL);
INSERT INTO `transaksi` VALUES (33, 33, '2021-01-01 00:00:00', NULL, NULL);
INSERT INTO `transaksi` VALUES (34, 34, '2021-01-01 00:00:00', NULL, NULL);
INSERT INTO `transaksi` VALUES (35, 35, '2021-01-01 00:00:00', NULL, NULL);
INSERT INTO `transaksi` VALUES (36, 1, '2021-01-01 00:00:00', NULL, NULL);
INSERT INTO `transaksi` VALUES (37, 2, '2021-01-01 00:00:00', NULL, NULL);
INSERT INTO `transaksi` VALUES (38, 3, '2021-01-01 00:00:00', NULL, NULL);
INSERT INTO `transaksi` VALUES (39, 4, '2021-01-01 00:00:00', NULL, NULL);
INSERT INTO `transaksi` VALUES (40, 5, '2021-01-01 00:00:00', NULL, NULL);
INSERT INTO `transaksi` VALUES (41, 6, '2021-01-01 00:00:00', NULL, NULL);
INSERT INTO `transaksi` VALUES (42, 7, '2021-01-01 00:00:00', NULL, NULL);
INSERT INTO `transaksi` VALUES (43, 8, '2021-01-01 00:00:00', NULL, NULL);
INSERT INTO `transaksi` VALUES (44, 9, '2021-01-01 00:00:00', NULL, NULL);
INSERT INTO `transaksi` VALUES (45, 10, '2021-01-01 00:00:00', NULL, NULL);
INSERT INTO `transaksi` VALUES (46, 11, '2021-01-01 00:00:00', NULL, NULL);
INSERT INTO `transaksi` VALUES (47, 12, '2021-01-01 00:00:00', NULL, NULL);
INSERT INTO `transaksi` VALUES (48, 13, '2021-01-01 00:00:00', NULL, NULL);
INSERT INTO `transaksi` VALUES (49, 14, '2021-01-01 00:00:00', NULL, NULL);
INSERT INTO `transaksi` VALUES (50, 15, '2021-01-01 00:00:00', NULL, NULL);
INSERT INTO `transaksi` VALUES (51, 16, '2021-01-01 00:00:00', NULL, NULL);
INSERT INTO `transaksi` VALUES (52, 17, '2021-01-01 00:00:00', NULL, NULL);
INSERT INTO `transaksi` VALUES (53, 18, '2021-01-01 00:00:00', NULL, NULL);
INSERT INTO `transaksi` VALUES (54, 19, '2021-01-01 00:00:00', NULL, NULL);
INSERT INTO `transaksi` VALUES (55, 20, '2021-01-01 00:00:00', NULL, NULL);
INSERT INTO `transaksi` VALUES (56, 21, '2021-01-01 00:00:00', NULL, NULL);
INSERT INTO `transaksi` VALUES (57, 22, '2021-01-01 00:00:00', NULL, NULL);
INSERT INTO `transaksi` VALUES (58, 23, '2021-01-01 00:00:00', NULL, NULL);
INSERT INTO `transaksi` VALUES (59, 24, '2021-01-01 00:00:00', NULL, NULL);
INSERT INTO `transaksi` VALUES (60, 25, '2021-01-01 00:00:00', NULL, NULL);
INSERT INTO `transaksi` VALUES (61, 26, '2021-01-01 00:00:00', NULL, NULL);
INSERT INTO `transaksi` VALUES (62, 27, '2021-01-01 00:00:00', NULL, NULL);
INSERT INTO `transaksi` VALUES (63, 28, '2021-01-01 00:00:00', NULL, NULL);
INSERT INTO `transaksi` VALUES (64, 29, '2021-01-01 00:00:00', NULL, NULL);
INSERT INTO `transaksi` VALUES (65, 30, '2021-01-01 00:00:00', NULL, NULL);
INSERT INTO `transaksi` VALUES (66, 31, '2021-01-01 00:00:00', NULL, NULL);
INSERT INTO `transaksi` VALUES (67, 32, '2021-01-01 00:00:00', NULL, NULL);
INSERT INTO `transaksi` VALUES (68, 33, '2021-01-01 00:00:00', NULL, NULL);
INSERT INTO `transaksi` VALUES (69, 34, '2021-01-01 00:00:00', NULL, NULL);
INSERT INTO `transaksi` VALUES (70, 35, '2021-01-01 00:00:00', NULL, NULL);
INSERT INTO `transaksi` VALUES (71, 1, '2021-01-02 00:00:00', NULL, NULL);
INSERT INTO `transaksi` VALUES (72, 2, '2021-01-02 00:00:00', NULL, NULL);
INSERT INTO `transaksi` VALUES (73, 3, '2021-01-02 00:00:00', NULL, NULL);
INSERT INTO `transaksi` VALUES (74, 4, '2021-01-02 00:00:00', NULL, NULL);
INSERT INTO `transaksi` VALUES (75, 5, '2021-01-02 00:00:00', NULL, NULL);
INSERT INTO `transaksi` VALUES (76, 6, '2021-01-02 00:00:00', NULL, NULL);
INSERT INTO `transaksi` VALUES (77, 7, '2021-01-02 00:00:00', NULL, NULL);
INSERT INTO `transaksi` VALUES (78, 8, '2021-01-02 00:00:00', NULL, NULL);
INSERT INTO `transaksi` VALUES (79, 9, '2021-01-02 00:00:00', NULL, NULL);
INSERT INTO `transaksi` VALUES (80, 10, '2021-01-02 00:00:00', NULL, NULL);
INSERT INTO `transaksi` VALUES (81, 11, '2021-01-02 00:00:00', NULL, NULL);
INSERT INTO `transaksi` VALUES (82, 12, '2021-01-02 00:00:00', NULL, NULL);
INSERT INTO `transaksi` VALUES (83, 13, '2021-01-02 00:00:00', NULL, NULL);
INSERT INTO `transaksi` VALUES (84, 14, '2021-01-02 00:00:00', NULL, NULL);
INSERT INTO `transaksi` VALUES (85, 15, '2021-01-02 00:00:00', NULL, NULL);
INSERT INTO `transaksi` VALUES (86, 16, '2021-01-02 00:00:00', NULL, NULL);
INSERT INTO `transaksi` VALUES (87, 17, '2021-01-02 00:00:00', NULL, NULL);
INSERT INTO `transaksi` VALUES (88, 18, '2021-01-02 00:00:00', NULL, NULL);
INSERT INTO `transaksi` VALUES (89, 19, '2021-01-02 00:00:00', NULL, NULL);
INSERT INTO `transaksi` VALUES (90, 20, '2021-01-02 00:00:00', NULL, NULL);
INSERT INTO `transaksi` VALUES (91, 21, '2021-01-02 00:00:00', NULL, NULL);
INSERT INTO `transaksi` VALUES (92, 22, '2021-01-02 00:00:00', NULL, NULL);
INSERT INTO `transaksi` VALUES (93, 23, '2021-01-02 00:00:00', NULL, NULL);
INSERT INTO `transaksi` VALUES (94, 24, '2021-01-02 00:00:00', NULL, NULL);
INSERT INTO `transaksi` VALUES (95, 25, '2021-01-02 00:00:00', NULL, NULL);
INSERT INTO `transaksi` VALUES (96, 26, '2021-01-02 00:00:00', NULL, NULL);
INSERT INTO `transaksi` VALUES (97, 27, '2021-01-02 00:00:00', NULL, NULL);
INSERT INTO `transaksi` VALUES (98, 28, '2021-01-02 00:00:00', NULL, NULL);
INSERT INTO `transaksi` VALUES (99, 29, '2021-01-02 00:00:00', NULL, NULL);
INSERT INTO `transaksi` VALUES (100, 30, '2021-01-02 00:00:00', NULL, NULL);
INSERT INTO `transaksi` VALUES (101, 31, '2021-01-02 00:00:00', NULL, NULL);
INSERT INTO `transaksi` VALUES (102, 32, '2021-01-02 00:00:00', NULL, NULL);
INSERT INTO `transaksi` VALUES (103, 33, '2021-01-02 00:00:00', NULL, NULL);
INSERT INTO `transaksi` VALUES (104, 34, '2021-01-02 00:00:00', NULL, NULL);
INSERT INTO `transaksi` VALUES (105, 35, '2021-01-02 00:00:00', NULL, NULL);
INSERT INTO `transaksi` VALUES (106, 1, '2021-01-02 00:00:00', NULL, NULL);
INSERT INTO `transaksi` VALUES (107, 2, '2021-01-02 00:00:00', NULL, NULL);
INSERT INTO `transaksi` VALUES (108, 3, '2021-01-02 00:00:00', NULL, NULL);
INSERT INTO `transaksi` VALUES (109, 4, '2021-01-02 00:00:00', NULL, NULL);
INSERT INTO `transaksi` VALUES (110, 5, '2021-01-02 00:00:00', NULL, NULL);
INSERT INTO `transaksi` VALUES (111, 6, '2021-01-02 00:00:00', NULL, NULL);
INSERT INTO `transaksi` VALUES (112, 7, '2021-01-02 00:00:00', NULL, NULL);
INSERT INTO `transaksi` VALUES (113, 8, '2021-01-02 00:00:00', NULL, NULL);
INSERT INTO `transaksi` VALUES (114, 9, '2021-01-02 00:00:00', NULL, NULL);
INSERT INTO `transaksi` VALUES (115, 10, '2021-01-02 00:00:00', NULL, NULL);
INSERT INTO `transaksi` VALUES (116, 11, '2021-01-02 00:00:00', NULL, NULL);
INSERT INTO `transaksi` VALUES (117, 12, '2021-01-02 00:00:00', NULL, NULL);
INSERT INTO `transaksi` VALUES (118, 13, '2021-01-02 00:00:00', NULL, NULL);
INSERT INTO `transaksi` VALUES (119, 14, '2021-01-02 00:00:00', NULL, NULL);
INSERT INTO `transaksi` VALUES (120, 15, '2021-01-02 00:00:00', NULL, NULL);
INSERT INTO `transaksi` VALUES (121, 16, '2021-01-02 00:00:00', NULL, NULL);
INSERT INTO `transaksi` VALUES (122, 17, '2021-01-02 00:00:00', NULL, NULL);
INSERT INTO `transaksi` VALUES (123, 18, '2021-01-02 00:00:00', NULL, NULL);
INSERT INTO `transaksi` VALUES (124, 19, '2021-01-02 00:00:00', NULL, NULL);
INSERT INTO `transaksi` VALUES (125, 20, '2021-01-02 00:00:00', NULL, NULL);
INSERT INTO `transaksi` VALUES (126, 21, '2021-01-02 00:00:00', NULL, NULL);
INSERT INTO `transaksi` VALUES (127, 22, '2021-01-02 00:00:00', NULL, NULL);
INSERT INTO `transaksi` VALUES (128, 23, '2021-01-02 00:00:00', NULL, NULL);
INSERT INTO `transaksi` VALUES (129, 24, '2021-01-02 00:00:00', NULL, NULL);
INSERT INTO `transaksi` VALUES (130, 25, '2021-01-02 00:00:00', NULL, NULL);
INSERT INTO `transaksi` VALUES (131, 26, '2021-01-02 00:00:00', NULL, NULL);
INSERT INTO `transaksi` VALUES (132, 27, '2021-01-02 00:00:00', NULL, NULL);
INSERT INTO `transaksi` VALUES (133, 28, '2021-01-02 00:00:00', NULL, NULL);
INSERT INTO `transaksi` VALUES (134, 29, '2021-01-02 00:00:00', NULL, NULL);
INSERT INTO `transaksi` VALUES (135, 30, '2021-01-02 00:00:00', NULL, NULL);
INSERT INTO `transaksi` VALUES (136, 31, '2021-01-02 00:00:00', NULL, NULL);
INSERT INTO `transaksi` VALUES (137, 32, '2021-01-02 00:00:00', NULL, NULL);
INSERT INTO `transaksi` VALUES (138, 33, '2021-01-02 00:00:00', NULL, NULL);
INSERT INTO `transaksi` VALUES (139, 34, '2021-01-02 00:00:00', NULL, NULL);
INSERT INTO `transaksi` VALUES (140, 35, '2021-01-02 00:00:00', NULL, NULL);
INSERT INTO `transaksi` VALUES (141, 1, '2021-01-03 00:00:00', NULL, NULL);
INSERT INTO `transaksi` VALUES (142, 2, '2021-01-03 00:00:00', NULL, NULL);
INSERT INTO `transaksi` VALUES (143, 3, '2021-01-03 00:00:00', NULL, NULL);
INSERT INTO `transaksi` VALUES (144, 4, '2021-01-03 00:00:00', NULL, NULL);
INSERT INTO `transaksi` VALUES (145, 5, '2021-01-03 00:00:00', NULL, NULL);
INSERT INTO `transaksi` VALUES (146, 20, '2021-01-03 00:00:00', NULL, NULL);
INSERT INTO `transaksi` VALUES (147, 21, '2021-01-03 00:00:00', NULL, NULL);
INSERT INTO `transaksi` VALUES (148, 22, '2021-01-03 00:00:00', NULL, NULL);
INSERT INTO `transaksi` VALUES (149, 23, '2021-01-03 00:00:00', NULL, NULL);
INSERT INTO `transaksi` VALUES (150, 24, '2021-01-03 00:00:00', NULL, NULL);
INSERT INTO `transaksi` VALUES (151, 25, '2021-01-03 00:00:00', NULL, NULL);
INSERT INTO `transaksi` VALUES (152, 26, '2021-01-03 00:00:00', NULL, NULL);
INSERT INTO `transaksi` VALUES (153, 27, '2021-01-03 00:00:00', NULL, NULL);
INSERT INTO `transaksi` VALUES (154, 28, '2021-01-03 00:00:00', NULL, NULL);
INSERT INTO `transaksi` VALUES (155, 29, '2021-01-03 00:00:00', NULL, NULL);
INSERT INTO `transaksi` VALUES (156, 30, '2021-01-03 00:00:00', NULL, NULL);
INSERT INTO `transaksi` VALUES (157, 31, '2021-01-03 00:00:00', NULL, NULL);
INSERT INTO `transaksi` VALUES (158, 32, '2021-01-03 00:00:00', NULL, NULL);
INSERT INTO `transaksi` VALUES (159, 33, '2021-01-03 00:00:00', NULL, NULL);
INSERT INTO `transaksi` VALUES (160, 34, '2021-01-03 00:00:00', NULL, NULL);
INSERT INTO `transaksi` VALUES (161, 35, '2021-01-03 00:00:00', NULL, NULL);
INSERT INTO `transaksi` VALUES (162, 1, '2021-01-04 00:00:00', NULL, NULL);
INSERT INTO `transaksi` VALUES (163, 2, '2021-01-04 00:00:00', NULL, NULL);
INSERT INTO `transaksi` VALUES (164, 3, '2021-01-04 00:00:00', NULL, NULL);
INSERT INTO `transaksi` VALUES (165, 4, '2021-01-04 00:00:00', NULL, NULL);
INSERT INTO `transaksi` VALUES (166, 5, '2021-01-04 00:00:00', NULL, NULL);
INSERT INTO `transaksi` VALUES (167, 6, '2021-01-04 00:00:00', NULL, NULL);
INSERT INTO `transaksi` VALUES (168, 7, '2021-01-04 00:00:00', NULL, NULL);
INSERT INTO `transaksi` VALUES (169, 8, '2021-01-04 00:00:00', NULL, NULL);
INSERT INTO `transaksi` VALUES (170, 9, '2021-01-04 00:00:00', NULL, NULL);
INSERT INTO `transaksi` VALUES (171, 10, '2021-01-04 00:00:00', NULL, NULL);
INSERT INTO `transaksi` VALUES (172, 11, '2021-01-04 00:00:00', NULL, NULL);
INSERT INTO `transaksi` VALUES (173, 12, '2021-01-04 00:00:00', NULL, NULL);
INSERT INTO `transaksi` VALUES (174, 13, '2021-01-04 00:00:00', NULL, NULL);
INSERT INTO `transaksi` VALUES (175, 14, '2021-01-04 00:00:00', NULL, NULL);
INSERT INTO `transaksi` VALUES (176, 15, '2021-01-04 00:00:00', NULL, NULL);
INSERT INTO `transaksi` VALUES (177, 16, '2021-01-04 00:00:00', NULL, NULL);
INSERT INTO `transaksi` VALUES (178, 17, '2021-01-04 00:00:00', NULL, NULL);
INSERT INTO `transaksi` VALUES (179, 18, '2021-01-04 00:00:00', NULL, NULL);
INSERT INTO `transaksi` VALUES (180, 19, '2021-01-04 00:00:00', NULL, NULL);
INSERT INTO `transaksi` VALUES (181, 20, '2021-01-04 00:00:00', NULL, NULL);
INSERT INTO `transaksi` VALUES (182, 21, '2021-01-04 00:00:00', NULL, NULL);
INSERT INTO `transaksi` VALUES (183, 22, '2021-01-04 00:00:00', NULL, NULL);
INSERT INTO `transaksi` VALUES (184, 23, '2021-01-04 00:00:00', NULL, NULL);
INSERT INTO `transaksi` VALUES (185, 24, '2021-01-04 00:00:00', NULL, NULL);
INSERT INTO `transaksi` VALUES (186, 25, '2021-01-04 00:00:00', NULL, NULL);
INSERT INTO `transaksi` VALUES (187, 26, '2021-01-04 00:00:00', NULL, NULL);
INSERT INTO `transaksi` VALUES (188, 27, '2021-01-04 00:00:00', NULL, NULL);
INSERT INTO `transaksi` VALUES (189, 28, '2021-01-04 00:00:00', NULL, NULL);
INSERT INTO `transaksi` VALUES (190, 29, '2021-01-04 00:00:00', NULL, NULL);
INSERT INTO `transaksi` VALUES (191, 30, '2021-01-04 00:00:00', NULL, NULL);
INSERT INTO `transaksi` VALUES (192, 31, '2021-01-04 00:00:00', NULL, NULL);
INSERT INTO `transaksi` VALUES (193, 32, '2021-01-04 00:00:00', NULL, NULL);
INSERT INTO `transaksi` VALUES (194, 33, '2021-01-04 00:00:00', NULL, NULL);
INSERT INTO `transaksi` VALUES (195, 34, '2021-01-04 00:00:00', NULL, NULL);
INSERT INTO `transaksi` VALUES (196, 35, '2021-01-04 00:00:00', NULL, NULL);
INSERT INTO `transaksi` VALUES (197, 1, '2021-01-05 00:00:00', NULL, NULL);
INSERT INTO `transaksi` VALUES (198, 2, '2021-01-05 00:00:00', NULL, NULL);
INSERT INTO `transaksi` VALUES (199, 3, '2021-01-05 00:00:00', NULL, NULL);
INSERT INTO `transaksi` VALUES (200, 4, '2021-01-05 00:00:00', NULL, NULL);
INSERT INTO `transaksi` VALUES (201, 5, '2021-01-05 00:00:00', NULL, NULL);
INSERT INTO `transaksi` VALUES (202, 6, '2021-01-05 00:00:00', NULL, NULL);
INSERT INTO `transaksi` VALUES (203, 7, '2021-01-05 00:00:00', NULL, NULL);
INSERT INTO `transaksi` VALUES (204, 8, '2021-01-05 00:00:00', NULL, NULL);
INSERT INTO `transaksi` VALUES (205, 9, '2021-01-05 00:00:00', NULL, NULL);
INSERT INTO `transaksi` VALUES (206, 10, '2021-01-05 00:00:00', NULL, NULL);
INSERT INTO `transaksi` VALUES (207, 11, '2021-01-05 00:00:00', NULL, NULL);
INSERT INTO `transaksi` VALUES (208, 12, '2021-01-05 00:00:00', NULL, NULL);
INSERT INTO `transaksi` VALUES (209, 13, '2021-01-05 00:00:00', NULL, NULL);
INSERT INTO `transaksi` VALUES (210, 14, '2021-01-05 00:00:00', NULL, NULL);
INSERT INTO `transaksi` VALUES (211, 15, '2021-01-05 00:00:00', NULL, NULL);
INSERT INTO `transaksi` VALUES (212, 16, '2021-01-05 00:00:00', NULL, NULL);
INSERT INTO `transaksi` VALUES (213, 17, '2021-01-05 00:00:00', NULL, NULL);
INSERT INTO `transaksi` VALUES (214, 18, '2021-01-05 00:00:00', NULL, NULL);
INSERT INTO `transaksi` VALUES (215, 19, '2021-01-05 00:00:00', NULL, NULL);
INSERT INTO `transaksi` VALUES (216, 20, '2021-01-05 00:00:00', NULL, NULL);
INSERT INTO `transaksi` VALUES (217, 21, '2021-01-05 00:00:00', NULL, NULL);
INSERT INTO `transaksi` VALUES (218, 22, '2021-01-05 00:00:00', NULL, NULL);
INSERT INTO `transaksi` VALUES (219, 23, '2021-01-05 00:00:00', NULL, NULL);
INSERT INTO `transaksi` VALUES (220, 24, '2021-01-05 00:00:00', NULL, NULL);
INSERT INTO `transaksi` VALUES (221, 25, '2021-01-05 00:00:00', NULL, NULL);
INSERT INTO `transaksi` VALUES (222, 26, '2021-01-05 00:00:00', NULL, NULL);
INSERT INTO `transaksi` VALUES (223, 27, '2021-01-05 00:00:00', NULL, NULL);
INSERT INTO `transaksi` VALUES (224, 28, '2021-01-05 00:00:00', NULL, NULL);
INSERT INTO `transaksi` VALUES (225, 29, '2021-01-05 00:00:00', NULL, NULL);
INSERT INTO `transaksi` VALUES (226, 30, '2021-01-05 00:00:00', NULL, NULL);
INSERT INTO `transaksi` VALUES (227, 31, '2021-01-05 00:00:00', NULL, NULL);
INSERT INTO `transaksi` VALUES (228, 32, '2021-01-05 00:00:00', NULL, NULL);
INSERT INTO `transaksi` VALUES (229, 33, '2021-01-05 00:00:00', NULL, NULL);
INSERT INTO `transaksi` VALUES (230, 34, '2021-01-05 00:00:00', NULL, NULL);
INSERT INTO `transaksi` VALUES (231, 35, '2021-01-05 00:00:00', NULL, NULL);
INSERT INTO `transaksi` VALUES (232, 1, '2021-01-05 00:00:00', NULL, NULL);
INSERT INTO `transaksi` VALUES (233, 2, '2021-01-05 00:00:00', NULL, NULL);
INSERT INTO `transaksi` VALUES (234, 3, '2021-01-05 00:00:00', NULL, NULL);
INSERT INTO `transaksi` VALUES (235, 4, '2021-01-05 00:00:00', NULL, NULL);
INSERT INTO `transaksi` VALUES (236, 5, '2021-01-05 00:00:00', NULL, NULL);
INSERT INTO `transaksi` VALUES (237, 6, '2021-01-05 00:00:00', NULL, NULL);
INSERT INTO `transaksi` VALUES (238, 7, '2021-01-05 00:00:00', NULL, NULL);
INSERT INTO `transaksi` VALUES (239, 8, '2021-01-05 00:00:00', NULL, NULL);
INSERT INTO `transaksi` VALUES (240, 9, '2021-01-05 00:00:00', NULL, NULL);
INSERT INTO `transaksi` VALUES (241, 10, '2021-01-05 00:00:00', NULL, NULL);
INSERT INTO `transaksi` VALUES (242, 11, '2021-01-05 00:00:00', NULL, NULL);
INSERT INTO `transaksi` VALUES (243, 12, '2021-01-05 00:00:00', NULL, NULL);
INSERT INTO `transaksi` VALUES (244, 13, '2021-01-05 00:00:00', NULL, NULL);
INSERT INTO `transaksi` VALUES (245, 14, '2021-01-05 00:00:00', NULL, NULL);
INSERT INTO `transaksi` VALUES (246, 15, '2021-01-05 00:00:00', NULL, NULL);
INSERT INTO `transaksi` VALUES (247, 16, '2021-01-05 00:00:00', NULL, NULL);
INSERT INTO `transaksi` VALUES (248, 17, '2021-01-05 00:00:00', NULL, NULL);
INSERT INTO `transaksi` VALUES (249, 18, '2021-01-05 00:00:00', NULL, NULL);
INSERT INTO `transaksi` VALUES (250, 19, '2021-01-05 00:00:00', NULL, NULL);
INSERT INTO `transaksi` VALUES (251, 20, '2021-01-05 00:00:00', NULL, NULL);
INSERT INTO `transaksi` VALUES (252, 21, '2021-01-05 00:00:00', NULL, NULL);
INSERT INTO `transaksi` VALUES (253, 22, '2021-01-05 00:00:00', NULL, NULL);
INSERT INTO `transaksi` VALUES (254, 23, '2021-01-05 00:00:00', NULL, NULL);
INSERT INTO `transaksi` VALUES (255, 24, '2021-01-05 00:00:00', NULL, NULL);
INSERT INTO `transaksi` VALUES (256, 25, '2021-01-05 00:00:00', NULL, NULL);
INSERT INTO `transaksi` VALUES (257, 26, '2021-01-05 00:00:00', NULL, NULL);
INSERT INTO `transaksi` VALUES (258, 27, '2021-01-05 00:00:00', NULL, NULL);
INSERT INTO `transaksi` VALUES (259, 28, '2021-01-05 00:00:00', NULL, NULL);
INSERT INTO `transaksi` VALUES (260, 29, '2021-01-05 00:00:00', NULL, NULL);
INSERT INTO `transaksi` VALUES (261, 30, '2021-01-05 00:00:00', NULL, NULL);
INSERT INTO `transaksi` VALUES (262, 31, '2021-01-05 00:00:00', NULL, NULL);
INSERT INTO `transaksi` VALUES (263, 32, '2021-01-05 00:00:00', NULL, NULL);
INSERT INTO `transaksi` VALUES (264, 33, '2021-01-05 00:00:00', NULL, NULL);
INSERT INTO `transaksi` VALUES (265, 34, '2021-01-05 00:00:00', NULL, NULL);
INSERT INTO `transaksi` VALUES (266, 35, '2021-01-05 00:00:00', NULL, NULL);
INSERT INTO `transaksi` VALUES (267, 1, '2021-01-06 00:00:00', NULL, NULL);
INSERT INTO `transaksi` VALUES (268, 2, '2021-01-06 00:00:00', NULL, NULL);
INSERT INTO `transaksi` VALUES (269, 3, '2021-01-06 00:00:00', NULL, NULL);
INSERT INTO `transaksi` VALUES (270, 4, '2021-01-06 00:00:00', NULL, NULL);
INSERT INTO `transaksi` VALUES (271, 5, '2021-01-06 00:00:00', NULL, NULL);
INSERT INTO `transaksi` VALUES (272, 6, '2021-01-06 00:00:00', NULL, NULL);
INSERT INTO `transaksi` VALUES (273, 7, '2021-01-06 00:00:00', NULL, NULL);
INSERT INTO `transaksi` VALUES (274, 8, '2021-01-06 00:00:00', NULL, NULL);
INSERT INTO `transaksi` VALUES (275, 9, '2021-01-06 00:00:00', NULL, NULL);
INSERT INTO `transaksi` VALUES (276, 10, '2021-01-06 00:00:00', NULL, NULL);
INSERT INTO `transaksi` VALUES (277, 11, '2021-01-06 00:00:00', NULL, NULL);
INSERT INTO `transaksi` VALUES (278, 12, '2021-01-06 00:00:00', NULL, NULL);
INSERT INTO `transaksi` VALUES (279, 13, '2021-01-06 00:00:00', NULL, NULL);
INSERT INTO `transaksi` VALUES (280, 14, '2021-01-06 00:00:00', NULL, NULL);
INSERT INTO `transaksi` VALUES (281, 15, '2021-01-06 00:00:00', NULL, NULL);
INSERT INTO `transaksi` VALUES (282, 16, '2021-01-06 00:00:00', NULL, NULL);
INSERT INTO `transaksi` VALUES (283, 17, '2021-01-06 00:00:00', NULL, NULL);
INSERT INTO `transaksi` VALUES (284, 18, '2021-01-06 00:00:00', NULL, NULL);
INSERT INTO `transaksi` VALUES (285, 19, '2021-01-06 00:00:00', NULL, NULL);
INSERT INTO `transaksi` VALUES (286, 20, '2021-01-06 00:00:00', NULL, NULL);
INSERT INTO `transaksi` VALUES (287, 21, '2021-01-06 00:00:00', NULL, NULL);
INSERT INTO `transaksi` VALUES (288, 22, '2021-01-06 00:00:00', NULL, NULL);
INSERT INTO `transaksi` VALUES (289, 23, '2021-01-06 00:00:00', NULL, NULL);
INSERT INTO `transaksi` VALUES (290, 24, '2021-01-06 00:00:00', NULL, NULL);
INSERT INTO `transaksi` VALUES (291, 25, '2021-01-06 00:00:00', NULL, NULL);
INSERT INTO `transaksi` VALUES (292, 26, '2021-01-06 00:00:00', NULL, NULL);
INSERT INTO `transaksi` VALUES (293, 27, '2021-01-06 00:00:00', NULL, NULL);
INSERT INTO `transaksi` VALUES (294, 28, '2021-01-06 00:00:00', NULL, NULL);
INSERT INTO `transaksi` VALUES (295, 29, '2021-01-06 00:00:00', NULL, NULL);
INSERT INTO `transaksi` VALUES (296, 30, '2021-01-06 00:00:00', NULL, NULL);
INSERT INTO `transaksi` VALUES (297, 31, '2021-01-06 00:00:00', NULL, NULL);
INSERT INTO `transaksi` VALUES (298, 32, '2021-01-06 00:00:00', NULL, NULL);
INSERT INTO `transaksi` VALUES (299, 33, '2021-01-06 00:00:00', NULL, NULL);
INSERT INTO `transaksi` VALUES (300, 34, '2021-01-06 00:00:00', NULL, NULL);
INSERT INTO `transaksi` VALUES (301, 35, '2021-01-06 00:00:00', NULL, NULL);
INSERT INTO `transaksi` VALUES (302, 1, '2021-01-06 00:00:00', NULL, NULL);
INSERT INTO `transaksi` VALUES (303, 2, '2021-01-06 00:00:00', NULL, NULL);
INSERT INTO `transaksi` VALUES (304, 3, '2021-01-06 00:00:00', NULL, NULL);
INSERT INTO `transaksi` VALUES (305, 4, '2021-01-06 00:00:00', NULL, NULL);
INSERT INTO `transaksi` VALUES (306, 5, '2021-01-06 00:00:00', NULL, NULL);
INSERT INTO `transaksi` VALUES (307, 6, '2021-01-06 00:00:00', NULL, NULL);
INSERT INTO `transaksi` VALUES (308, 7, '2021-01-06 00:00:00', NULL, NULL);
INSERT INTO `transaksi` VALUES (309, 8, '2021-01-06 00:00:00', NULL, NULL);
INSERT INTO `transaksi` VALUES (310, 9, '2021-01-06 00:00:00', NULL, NULL);
INSERT INTO `transaksi` VALUES (311, 10, '2021-01-06 00:00:00', NULL, NULL);
INSERT INTO `transaksi` VALUES (312, 11, '2021-01-06 00:00:00', NULL, NULL);
INSERT INTO `transaksi` VALUES (313, 12, '2021-01-06 00:00:00', NULL, NULL);
INSERT INTO `transaksi` VALUES (314, 13, '2021-01-06 00:00:00', NULL, NULL);
INSERT INTO `transaksi` VALUES (315, 14, '2021-01-06 00:00:00', NULL, NULL);
INSERT INTO `transaksi` VALUES (316, 15, '2021-01-06 00:00:00', NULL, NULL);
INSERT INTO `transaksi` VALUES (317, 16, '2021-01-06 00:00:00', NULL, NULL);
INSERT INTO `transaksi` VALUES (318, 17, '2021-01-06 00:00:00', NULL, NULL);
INSERT INTO `transaksi` VALUES (319, 18, '2021-01-06 00:00:00', NULL, NULL);
INSERT INTO `transaksi` VALUES (320, 19, '2021-01-06 00:00:00', NULL, NULL);
INSERT INTO `transaksi` VALUES (321, 1, '2021-01-07 00:00:00', NULL, NULL);
INSERT INTO `transaksi` VALUES (322, 2, '2021-01-07 00:00:00', NULL, NULL);
INSERT INTO `transaksi` VALUES (323, 3, '2021-01-07 00:00:00', NULL, NULL);
INSERT INTO `transaksi` VALUES (324, 4, '2021-01-07 00:00:00', NULL, NULL);
INSERT INTO `transaksi` VALUES (325, 5, '2021-01-07 00:00:00', NULL, NULL);
INSERT INTO `transaksi` VALUES (326, 6, '2021-01-07 00:00:00', NULL, NULL);
INSERT INTO `transaksi` VALUES (327, 7, '2021-01-07 00:00:00', NULL, NULL);
INSERT INTO `transaksi` VALUES (328, 8, '2021-01-07 00:00:00', NULL, NULL);
INSERT INTO `transaksi` VALUES (329, 9, '2021-01-07 00:00:00', NULL, NULL);
INSERT INTO `transaksi` VALUES (330, 10, '2021-01-07 00:00:00', NULL, NULL);
INSERT INTO `transaksi` VALUES (331, 11, '2021-01-07 00:00:00', NULL, NULL);
INSERT INTO `transaksi` VALUES (332, 12, '2021-01-07 00:00:00', NULL, NULL);
INSERT INTO `transaksi` VALUES (333, 13, '2021-01-07 00:00:00', NULL, NULL);
INSERT INTO `transaksi` VALUES (334, 14, '2021-01-07 00:00:00', NULL, NULL);
INSERT INTO `transaksi` VALUES (335, 15, '2021-01-07 00:00:00', NULL, NULL);
INSERT INTO `transaksi` VALUES (336, 16, '2021-01-07 00:00:00', NULL, NULL);
INSERT INTO `transaksi` VALUES (337, 17, '2021-01-07 00:00:00', NULL, NULL);
INSERT INTO `transaksi` VALUES (338, 18, '2021-01-07 00:00:00', NULL, NULL);
INSERT INTO `transaksi` VALUES (339, 19, '2021-01-07 00:00:00', NULL, NULL);
INSERT INTO `transaksi` VALUES (340, 20, '2021-01-07 00:00:00', NULL, NULL);
INSERT INTO `transaksi` VALUES (341, 21, '2021-01-07 00:00:00', NULL, NULL);
INSERT INTO `transaksi` VALUES (342, 22, '2021-01-07 00:00:00', NULL, NULL);
INSERT INTO `transaksi` VALUES (343, 23, '2021-01-07 00:00:00', NULL, NULL);
INSERT INTO `transaksi` VALUES (344, 24, '2021-01-07 00:00:00', NULL, NULL);
INSERT INTO `transaksi` VALUES (345, 25, '2021-01-07 00:00:00', NULL, NULL);
INSERT INTO `transaksi` VALUES (346, 26, '2021-01-07 00:00:00', NULL, NULL);
INSERT INTO `transaksi` VALUES (347, 27, '2021-01-07 00:00:00', NULL, NULL);
INSERT INTO `transaksi` VALUES (348, 28, '2021-01-07 00:00:00', NULL, NULL);
INSERT INTO `transaksi` VALUES (349, 29, '2021-01-07 00:00:00', NULL, NULL);
INSERT INTO `transaksi` VALUES (350, 30, '2021-01-07 00:00:00', NULL, NULL);
INSERT INTO `transaksi` VALUES (351, 31, '2021-01-07 00:00:00', NULL, NULL);
INSERT INTO `transaksi` VALUES (352, 32, '2021-01-07 00:00:00', NULL, NULL);
INSERT INTO `transaksi` VALUES (353, 33, '2021-01-07 00:00:00', NULL, NULL);
INSERT INTO `transaksi` VALUES (354, 34, '2021-01-07 00:00:00', NULL, NULL);
INSERT INTO `transaksi` VALUES (355, 35, '2021-01-07 00:00:00', NULL, NULL);
INSERT INTO `transaksi` VALUES (356, 1, '2021-01-07 00:00:00', NULL, NULL);
INSERT INTO `transaksi` VALUES (357, 2, '2021-01-07 00:00:00', NULL, NULL);
INSERT INTO `transaksi` VALUES (358, 3, '2021-01-07 00:00:00', NULL, NULL);
INSERT INTO `transaksi` VALUES (359, 4, '2021-01-07 00:00:00', NULL, NULL);
INSERT INTO `transaksi` VALUES (360, 5, '2021-01-07 00:00:00', NULL, NULL);
INSERT INTO `transaksi` VALUES (361, 6, '2021-01-07 00:00:00', NULL, NULL);
INSERT INTO `transaksi` VALUES (362, 7, '2021-01-07 00:00:00', NULL, NULL);
INSERT INTO `transaksi` VALUES (363, 8, '2021-01-07 00:00:00', NULL, NULL);
INSERT INTO `transaksi` VALUES (364, 9, '2021-01-07 00:00:00', NULL, NULL);
INSERT INTO `transaksi` VALUES (365, 10, '2021-01-07 00:00:00', NULL, NULL);
INSERT INTO `transaksi` VALUES (366, 11, '2021-01-07 00:00:00', NULL, NULL);
INSERT INTO `transaksi` VALUES (367, 12, '2021-01-07 00:00:00', NULL, NULL);
INSERT INTO `transaksi` VALUES (368, 13, '2021-01-07 00:00:00', NULL, NULL);
INSERT INTO `transaksi` VALUES (369, 14, '2021-01-07 00:00:00', NULL, NULL);
INSERT INTO `transaksi` VALUES (370, 15, '2021-01-07 00:00:00', NULL, NULL);
INSERT INTO `transaksi` VALUES (371, 1, '2021-01-08 00:00:00', NULL, NULL);
INSERT INTO `transaksi` VALUES (372, 2, '2021-01-08 00:00:00', NULL, NULL);
INSERT INTO `transaksi` VALUES (373, 3, '2021-01-08 00:00:00', NULL, NULL);
INSERT INTO `transaksi` VALUES (374, 4, '2021-01-08 00:00:00', NULL, NULL);
INSERT INTO `transaksi` VALUES (375, 5, '2021-01-08 00:00:00', NULL, NULL);
INSERT INTO `transaksi` VALUES (376, 6, '2021-01-08 00:00:00', NULL, NULL);
INSERT INTO `transaksi` VALUES (377, 7, '2021-01-08 00:00:00', NULL, NULL);
INSERT INTO `transaksi` VALUES (378, 8, '2021-01-08 00:00:00', NULL, NULL);
INSERT INTO `transaksi` VALUES (379, 9, '2021-01-08 00:00:00', NULL, NULL);
INSERT INTO `transaksi` VALUES (380, 10, '2021-01-08 00:00:00', NULL, NULL);
INSERT INTO `transaksi` VALUES (381, 11, '2021-01-08 00:00:00', NULL, NULL);
INSERT INTO `transaksi` VALUES (382, 12, '2021-01-08 00:00:00', NULL, NULL);
INSERT INTO `transaksi` VALUES (383, 13, '2021-01-08 00:00:00', NULL, NULL);
INSERT INTO `transaksi` VALUES (384, 14, '2021-01-08 00:00:00', NULL, NULL);
INSERT INTO `transaksi` VALUES (385, 15, '2021-01-08 00:00:00', NULL, NULL);
INSERT INTO `transaksi` VALUES (386, 16, '2021-01-08 00:00:00', NULL, NULL);
INSERT INTO `transaksi` VALUES (387, 17, '2021-01-08 00:00:00', NULL, NULL);
INSERT INTO `transaksi` VALUES (388, 18, '2021-01-08 00:00:00', NULL, NULL);
INSERT INTO `transaksi` VALUES (389, 19, '2021-01-08 00:00:00', NULL, NULL);
INSERT INTO `transaksi` VALUES (390, 20, '2021-01-08 00:00:00', NULL, NULL);
INSERT INTO `transaksi` VALUES (391, 21, '2021-01-08 00:00:00', NULL, NULL);
INSERT INTO `transaksi` VALUES (392, 22, '2021-01-08 00:00:00', NULL, NULL);
INSERT INTO `transaksi` VALUES (393, 23, '2021-01-08 00:00:00', NULL, NULL);
INSERT INTO `transaksi` VALUES (394, 24, '2021-01-08 00:00:00', NULL, NULL);
INSERT INTO `transaksi` VALUES (395, 25, '2021-01-08 00:00:00', NULL, NULL);
INSERT INTO `transaksi` VALUES (396, 26, '2021-01-08 00:00:00', NULL, NULL);
INSERT INTO `transaksi` VALUES (397, 27, '2021-01-08 00:00:00', NULL, NULL);
INSERT INTO `transaksi` VALUES (398, 28, '2021-01-08 00:00:00', NULL, NULL);
INSERT INTO `transaksi` VALUES (399, 29, '2021-01-08 00:00:00', NULL, NULL);
INSERT INTO `transaksi` VALUES (400, 30, '2021-01-08 00:00:00', NULL, NULL);
INSERT INTO `transaksi` VALUES (401, 31, '2021-01-08 00:00:00', NULL, NULL);
INSERT INTO `transaksi` VALUES (402, 32, '2021-01-08 00:00:00', NULL, NULL);
INSERT INTO `transaksi` VALUES (403, 33, '2021-01-08 00:00:00', NULL, NULL);
INSERT INTO `transaksi` VALUES (404, 34, '2021-01-08 00:00:00', NULL, NULL);
INSERT INTO `transaksi` VALUES (405, 35, '2021-01-08 00:00:00', NULL, NULL);
INSERT INTO `transaksi` VALUES (406, 1, '2021-01-08 00:00:00', NULL, NULL);
INSERT INTO `transaksi` VALUES (407, 2, '2021-01-08 00:00:00', NULL, NULL);
INSERT INTO `transaksi` VALUES (408, 3, '2021-01-08 00:00:00', NULL, NULL);
INSERT INTO `transaksi` VALUES (409, 4, '2021-01-08 00:00:00', NULL, NULL);
INSERT INTO `transaksi` VALUES (410, 5, '2021-01-08 00:00:00', NULL, NULL);
INSERT INTO `transaksi` VALUES (411, 6, '2021-01-08 00:00:00', NULL, NULL);
INSERT INTO `transaksi` VALUES (412, 7, '2021-01-08 00:00:00', NULL, NULL);
INSERT INTO `transaksi` VALUES (413, 8, '2021-01-08 00:00:00', NULL, NULL);
INSERT INTO `transaksi` VALUES (414, 1, '2021-01-09 00:00:00', NULL, NULL);
INSERT INTO `transaksi` VALUES (415, 18, '2021-01-09 00:00:00', NULL, NULL);
INSERT INTO `transaksi` VALUES (416, 19, '2021-01-09 00:00:00', NULL, NULL);
INSERT INTO `transaksi` VALUES (417, 20, '2021-01-09 00:00:00', NULL, NULL);
INSERT INTO `transaksi` VALUES (418, 21, '2021-01-09 00:00:00', NULL, NULL);
INSERT INTO `transaksi` VALUES (419, 22, '2021-01-09 00:00:00', NULL, NULL);
INSERT INTO `transaksi` VALUES (420, 23, '2021-01-09 00:00:00', NULL, NULL);
INSERT INTO `transaksi` VALUES (421, 24, '2021-01-09 00:00:00', NULL, NULL);
INSERT INTO `transaksi` VALUES (422, 25, '2021-01-09 00:00:00', NULL, NULL);
INSERT INTO `transaksi` VALUES (423, 26, '2021-01-09 00:00:00', NULL, NULL);
INSERT INTO `transaksi` VALUES (424, 27, '2021-01-09 00:00:00', NULL, NULL);
INSERT INTO `transaksi` VALUES (425, 28, '2021-01-09 00:00:00', NULL, NULL);
INSERT INTO `transaksi` VALUES (426, 29, '2021-01-09 00:00:00', NULL, NULL);
INSERT INTO `transaksi` VALUES (427, 30, '2021-01-09 00:00:00', NULL, NULL);
INSERT INTO `transaksi` VALUES (428, 31, '2021-01-09 00:00:00', NULL, NULL);
INSERT INTO `transaksi` VALUES (429, 32, '2021-01-09 00:00:00', NULL, NULL);
INSERT INTO `transaksi` VALUES (430, 33, '2021-01-09 00:00:00', NULL, NULL);
INSERT INTO `transaksi` VALUES (431, 34, '2021-01-09 00:00:00', NULL, NULL);
INSERT INTO `transaksi` VALUES (432, 35, '2021-01-09 00:00:00', NULL, NULL);
INSERT INTO `transaksi` VALUES (433, 2, '2021-01-09 00:00:00', NULL, NULL);
INSERT INTO `transaksi` VALUES (434, 25, '2021-01-09 00:00:00', NULL, NULL);
INSERT INTO `transaksi` VALUES (435, 26, '2021-01-09 00:00:00', NULL, NULL);
INSERT INTO `transaksi` VALUES (436, 27, '2021-01-09 00:00:00', NULL, NULL);
INSERT INTO `transaksi` VALUES (437, 28, '2021-01-09 00:00:00', NULL, NULL);
INSERT INTO `transaksi` VALUES (438, 29, '2021-01-09 00:00:00', NULL, NULL);
INSERT INTO `transaksi` VALUES (439, 30, '2021-01-09 00:00:00', NULL, NULL);
INSERT INTO `transaksi` VALUES (440, 31, '2021-01-09 00:00:00', NULL, NULL);
INSERT INTO `transaksi` VALUES (441, 32, '2021-01-09 00:00:00', NULL, NULL);
INSERT INTO `transaksi` VALUES (442, 33, '2021-01-09 00:00:00', NULL, NULL);
INSERT INTO `transaksi` VALUES (443, 34, '2021-01-09 00:00:00', NULL, NULL);
INSERT INTO `transaksi` VALUES (444, 35, '2021-01-09 00:00:00', NULL, NULL);
INSERT INTO `transaksi` VALUES (445, 1, '2021-01-10 00:00:00', NULL, NULL);
INSERT INTO `transaksi` VALUES (446, 26, '2021-01-10 00:00:00', NULL, NULL);
INSERT INTO `transaksi` VALUES (447, 27, '2021-01-10 00:00:00', NULL, NULL);
INSERT INTO `transaksi` VALUES (448, 28, '2021-01-10 00:00:00', NULL, NULL);
INSERT INTO `transaksi` VALUES (449, 29, '2021-01-10 00:00:00', NULL, NULL);
INSERT INTO `transaksi` VALUES (450, 30, '2021-01-10 00:00:00', NULL, NULL);
INSERT INTO `transaksi` VALUES (451, 31, '2021-01-10 00:00:00', NULL, NULL);
INSERT INTO `transaksi` VALUES (452, 32, '2021-01-10 00:00:00', NULL, NULL);
INSERT INTO `transaksi` VALUES (453, 33, '2021-01-10 00:00:00', NULL, NULL);
INSERT INTO `transaksi` VALUES (454, 34, '2021-01-10 00:00:00', NULL, NULL);
INSERT INTO `transaksi` VALUES (455, 35, '2021-01-10 00:00:00', NULL, NULL);
INSERT INTO `transaksi` VALUES (456, 16, '2021-01-10 00:00:00', NULL, NULL);
INSERT INTO `transaksi` VALUES (457, 1, '2021-01-11 00:00:00', NULL, NULL);
INSERT INTO `transaksi` VALUES (458, 4, '2021-01-11 00:00:00', NULL, NULL);
INSERT INTO `transaksi` VALUES (459, 5, '2021-01-11 00:00:00', NULL, NULL);
INSERT INTO `transaksi` VALUES (460, 6, '2021-01-11 00:00:00', NULL, NULL);
INSERT INTO `transaksi` VALUES (461, 7, '2021-01-11 00:00:00', NULL, NULL);
INSERT INTO `transaksi` VALUES (462, 8, '2021-01-11 00:00:00', NULL, NULL);
INSERT INTO `transaksi` VALUES (463, 28, '2021-01-11 00:00:00', NULL, NULL);
INSERT INTO `transaksi` VALUES (464, 29, '2021-01-11 00:00:00', NULL, NULL);
INSERT INTO `transaksi` VALUES (465, 30, '2021-01-11 00:00:00', NULL, NULL);
INSERT INTO `transaksi` VALUES (466, 31, '2021-01-11 00:00:00', NULL, NULL);
INSERT INTO `transaksi` VALUES (467, 32, '2021-01-11 00:00:00', NULL, NULL);
INSERT INTO `transaksi` VALUES (468, 33, '2021-01-11 00:00:00', NULL, NULL);
INSERT INTO `transaksi` VALUES (469, 34, '2021-01-11 00:00:00', NULL, NULL);
INSERT INTO `transaksi` VALUES (470, 35, '2021-01-11 00:00:00', NULL, NULL);
INSERT INTO `transaksi` VALUES (471, 1, '2021-01-12 00:00:00', NULL, NULL);
INSERT INTO `transaksi` VALUES (472, 2, '2021-01-12 00:00:00', NULL, NULL);
INSERT INTO `transaksi` VALUES (473, 3, '2021-01-12 00:00:00', NULL, NULL);
INSERT INTO `transaksi` VALUES (474, 4, '2021-01-12 00:00:00', NULL, NULL);
INSERT INTO `transaksi` VALUES (475, 5, '2021-01-12 00:00:00', NULL, NULL);
INSERT INTO `transaksi` VALUES (476, 6, '2021-01-12 00:00:00', NULL, NULL);
INSERT INTO `transaksi` VALUES (477, 7, '2021-01-12 00:00:00', NULL, NULL);
INSERT INTO `transaksi` VALUES (478, 8, '2021-01-12 00:00:00', NULL, NULL);
INSERT INTO `transaksi` VALUES (479, 9, '2021-01-12 00:00:00', NULL, NULL);
INSERT INTO `transaksi` VALUES (480, 10, '2021-01-12 00:00:00', NULL, NULL);
INSERT INTO `transaksi` VALUES (481, 11, '2021-01-12 00:00:00', NULL, NULL);
INSERT INTO `transaksi` VALUES (482, 12, '2021-01-12 00:00:00', NULL, NULL);
INSERT INTO `transaksi` VALUES (483, 13, '2021-01-12 00:00:00', NULL, NULL);
INSERT INTO `transaksi` VALUES (484, 14, '2021-01-12 00:00:00', NULL, NULL);
INSERT INTO `transaksi` VALUES (485, 15, '2021-01-12 00:00:00', NULL, NULL);
INSERT INTO `transaksi` VALUES (486, 16, '2021-01-12 00:00:00', NULL, NULL);
INSERT INTO `transaksi` VALUES (487, 17, '2021-01-12 00:00:00', NULL, NULL);
INSERT INTO `transaksi` VALUES (488, 18, '2021-01-12 00:00:00', NULL, NULL);
INSERT INTO `transaksi` VALUES (489, 19, '2021-01-12 00:00:00', NULL, NULL);
INSERT INTO `transaksi` VALUES (490, 20, '2021-01-12 00:00:00', NULL, NULL);
INSERT INTO `transaksi` VALUES (491, 21, '2021-01-12 00:00:00', NULL, NULL);
INSERT INTO `transaksi` VALUES (492, 22, '2021-01-12 00:00:00', NULL, NULL);
INSERT INTO `transaksi` VALUES (493, 23, '2021-01-12 00:00:00', NULL, NULL);
INSERT INTO `transaksi` VALUES (494, 24, '2021-01-12 00:00:00', NULL, NULL);
INSERT INTO `transaksi` VALUES (495, 25, '2021-01-12 00:00:00', NULL, NULL);
INSERT INTO `transaksi` VALUES (496, 26, '2021-01-12 00:00:00', NULL, NULL);

-- ----------------------------
-- Table structure for users
-- ----------------------------
DROP TABLE IF EXISTS `users`;
CREATE TABLE `users`  (
  `id` bigint UNSIGNED NOT NULL AUTO_INCREMENT,
  `name` varchar(255) CHARACTER SET utf8mb4 COLLATE utf8mb4_unicode_ci NOT NULL,
  `email` varchar(255) CHARACTER SET utf8mb4 COLLATE utf8mb4_unicode_ci NOT NULL,
  `email_verified_at` timestamp NULL DEFAULT NULL,
  `password` varchar(255) CHARACTER SET utf8mb4 COLLATE utf8mb4_unicode_ci NOT NULL,
  `remember_token` varchar(100) CHARACTER SET utf8mb4 COLLATE utf8mb4_unicode_ci NULL DEFAULT NULL,
  `created_at` timestamp NULL DEFAULT NULL,
  `updated_at` timestamp NULL DEFAULT NULL,
  `role` varchar(255) CHARACTER SET utf8mb4 COLLATE utf8mb4_unicode_ci NULL DEFAULT NULL,
  PRIMARY KEY (`id`) USING BTREE,
  UNIQUE INDEX `users_email_unique`(`email` ASC) USING BTREE
) ENGINE = InnoDB AUTO_INCREMENT = 4 CHARACTER SET = utf8mb4 COLLATE = utf8mb4_unicode_ci ROW_FORMAT = DYNAMIC;

-- ----------------------------
-- Records of users
-- ----------------------------
INSERT INTO `users` VALUES (2, 'admin', 'admin@gmail.com', NULL, '$2y$10$dIIJHWGo0jM9gPwW95r.WucBOAfBd2Yo/V5FBdBKmXonR1eUniUEu', NULL, '2024-07-10 10:12:58', '2024-07-10 10:12:58', 'admin');
INSERT INTO `users` VALUES (3, 'Yayuk', 'Yayuk@gmail.com', NULL, '$2y$10$KVgTdQ7J3t1/3Hs0MDGvyOsJLKtreaMWwhgEjKYLbWisoyJElOiAa', NULL, '2024-07-11 05:11:14', '2024-07-11 05:11:14', 'nasabah');

SET FOREIGN_KEY_CHECKS = 1;
